Date Time, Water Level, Sigma, O, F, R, L, Quality 
2017-09-15 00:00,1.142,0.325,0,0,0,0,v
2017-09-15 00:06,1.033,0.331,0,0,0,0,v
2017-09-15 00:12,1.070,0.289,0,0,0,0,v
2017-09-15 00:18,1.047,0.246,0,0,0,0,v
2017-09-15 00:24,1.027,0.269,0,0,0,0,v
2017-09-15 00:30,1.004,0.315,0,0,0,0,v
2017-09-15 00:36,0.971,0.308,0,0,0,0,v
2017-09-15 00:42,1.004,0.328,0,0,0,0,v
2017-09-15 00:48,0.892,0.292,0,0,0,0,v
2017-09-15 00:54,0.922,0.312,0,0,0,0,v
2017-09-15 01:00,0.902,0.302,0,0,0,0,v
2017-09-15 01:06,0.850,0.328,0,0,0,0,v
2017-09-15 01:12,0.860,0.292,0,0,0,0,v
2017-09-15 01:18,0.807,0.285,0,0,0,0,v
2017-09-15 01:24,0.860,0.289,0,0,0,0,v
2017-09-15 01:30,0.781,0.322,0,0,0,0,v
2017-09-15 01:36,0.814,0.312,0,0,0,0,v
2017-09-15 01:42,0.784,0.253,0,0,0,0,v
2017-09-15 01:48,0.846,0.266,0,0,0,0,v
2017-09-15 01:54,0.758,0.354,0,0,0,0,v
2017-09-15 02:00,0.797,0.276,0,0,0,0,v
2017-09-15 02:06,0.863,0.289,0,0,0,0,v
2017-09-15 02:12,0.843,0.318,0,0,0,0,v
2017-09-15 02:18,0.873,0.331,0,0,0,0,v
2017-09-15 02:24,0.840,0.335,0,0,0,0,v
2017-09-15 02:30,0.833,0.315,0,0,0,0,v
2017-09-15 02:36,0.928,0.315,0,0,0,0,v
2017-09-15 02:42,0.837,0.276,0,0,0,0,v
2017-09-15 02:48,0.958,0.315,0,0,0,0,v
2017-09-15 02:54,0.942,0.292,0,0,0,0,v
2017-09-15 03:00,0.978,0.233,0,0,0,0,v
2017-09-15 03:06,0.896,0.308,0,0,0,0,v
2017-09-15 03:12,0.899,0.318,0,0,0,0,v
2017-09-15 03:18,0.981,0.279,0,0,0,0,v
2017-09-15 03:24,0.912,0.279,0,0,0,0,v
2017-09-15 03:30,1.033,0.312,0,0,0,0,v
2017-09-15 03:36,1.004,0.259,0,0,0,0,v
2017-09-15 03:42,0.994,0.312,0,0,0,0,v
2017-09-15 03:48,1.066,0.289,0,0,0,0,v
2017-09-15 03:54,1.076,0.276,0,0,0,0,v
2017-09-15 04:00,1.073,0.295,0,0,0,0,v
2017-09-15 04:06,1.060,0.328,0,0,0,0,v
2017-09-15 04:12,1.089,0.308,0,0,0,0,v
2017-09-15 04:18,1.148,0.253,0,0,0,0,v
2017-09-15 04:24,1.142,0.318,0,0,0,0,v
2017-09-15 04:30,1.188,0.240,0,0,0,0,v
2017-09-15 04:36,1.188,0.397,0,0,0,0,v
2017-09-15 04:42,1.204,0.295,0,0,0,0,v
2017-09-15 04:48,1.253,0.249,0,0,0,0,v
2017-09-15 04:54,1.234,0.269,0,0,0,0,v
2017-09-15 05:00,1.299,0.299,0,0,0,0,v
2017-09-15 05:06,1.250,0.344,0,0,0,0,v
2017-09-15 05:12,1.316,0.318,0,0,0,0,v
2017-09-15 05:18,1.342,0.269,0,0,0,0,v
2017-09-15 05:24,1.385,0.240,0,0,0,0,v
2017-09-15 05:30,1.417,0.272,0,0,0,0,v
2017-09-15 05:36,1.358,0.338,0,0,0,0,v
2017-09-15 05:42,1.437,0.272,0,0,0,0,v
2017-09-15 05:48,1.486,0.423,1,0,0,0,v
2017-09-15 05:54,1.499,0.341,0,0,0,0,v
2017-09-15 06:00,1.506,0.420,0,0,0,0,v
2017-09-15 06:06,1.545,0.358,0,0,0,0,v
2017-09-15 06:12,1.529,0.331,0,0,0,0,v
2017-09-15 06:18,1.588,0.404,1,0,0,0,v
2017-09-15 06:24,1.545,0.400,0,0,0,0,v
2017-09-15 06:30,1.572,0.420,1,0,0,0,v
2017-09-15 06:36,1.575,0.358,0,0,0,0,v
2017-09-15 06:42,1.644,0.341,0,0,0,0,v
2017-09-15 06:48,1.601,0.463,0,0,0,0,v
2017-09-15 06:54,1.640,0.361,0,0,0,0,v
2017-09-15 07:00,1.568,0.328,0,0,0,0,v
2017-09-15 07:06,1.624,0.358,0,0,0,0,v
2017-09-15 07:12,1.667,0.381,0,0,0,0,v
2017-09-15 07:18,1.604,0.328,1,0,0,0,v
2017-09-15 07:24,1.621,0.364,1,0,0,0,v
2017-09-15 07:30,1.637,0.341,1,0,0,0,v
2017-09-15 07:36,1.634,0.354,0,0,0,0,v
2017-09-15 07:42,1.621,0.440,1,0,0,0,v
2017-09-15 07:48,1.604,0.407,1,0,0,0,v
2017-09-15 07:54,1.552,0.341,0,0,0,0,v
2017-09-15 08:00,1.578,0.305,0,0,0,0,v
2017-09-15 08:06,1.535,0.364,0,0,0,0,v
2017-09-15 08:12,1.480,0.456,0,0,0,0,v
2017-09-15 08:18,1.539,0.000,1,0,0,0,v
2017-09-15 08:24,1.516,0.000,1,0,0,0,v
2017-09-15 08:30,1.490,0.000,1,0,0,0,v
2017-09-15 08:36,1.467,0.000,1,0,0,0,v
2017-09-15 08:42,1.440,0.000,1,0,0,0,v
2017-09-15 08:48,1.414,0.000,1,0,0,0,v
2017-09-15 08:54,1.385,0.000,1,0,0,0,v
2017-09-15 09:00,1.358,0.000,1,0,0,0,v
2017-09-15 09:06,1.329,0.000,1,0,0,0,v
2017-09-15 09:12,1.299,0.000,1,0,0,0,v
2017-09-15 09:18,1.273,0.000,1,0,0,0,v
2017-09-15 09:24,1.243,0.000,1,0,0,0,v
2017-09-15 09:30,1.214,0.000,1,0,0,0,v
2017-09-15 09:36,1.184,0.000,1,0,0,0,v
2017-09-15 09:42,1.152,0.000,1,0,0,0,v
2017-09-15 09:48,1.122,0.000,1,0,0,0,v
2017-09-15 09:54,1.093,0.932,1,0,0,0,v
2017-09-15 10:00,1.073,0.322,0,0,0,0,v
2017-09-15 10:06,1.014,0.348,0,0,0,0,v
2017-09-15 10:12,1.043,0.410,0,0,0,0,v
2017-09-15 10:18,1.010,0.318,0,0,0,0,v
2017-09-15 10:24,0.974,0.358,0,0,0,0,v
2017-09-15 10:30,0.896,0.361,0,0,0,0,v
2017-09-15 10:36,0.942,0.397,0,0,0,0,v
2017-09-15 10:42,0.817,0.285,0,0,0,0,v
2017-09-15 10:48,0.817,0.348,0,0,0,0,v
2017-09-15 10:54,0.810,0.364,0,0,0,0,v
2017-09-15 11:00,0.728,0.377,0,0,0,0,v
2017-09-15 11:06,0.682,0.335,0,0,0,0,v
2017-09-15 11:12,0.686,0.344,0,0,0,0,v
2017-09-15 11:18,0.620,0.308,0,0,0,0,v
2017-09-15 11:24,0.630,0.371,0,0,0,0,v
2017-09-15 11:30,0.633,0.308,0,0,0,0,v
2017-09-15 11:36,0.581,0.354,0,0,0,0,v
2017-09-15 11:42,0.515,0.331,0,0,0,0,v
2017-09-15 11:48,0.469,0.308,0,0,0,0,v
2017-09-15 11:54,0.518,0.289,0,0,0,0,v
2017-09-15 12:00,0.394,0.236,0,0,0,0,v
2017-09-15 12:06,0.384,0.269,0,0,0,0,v
2017-09-15 12:12,0.397,0.272,0,0,0,0,v
2017-09-15 12:18,0.381,0.328,0,0,0,0,v
2017-09-15 12:24,0.374,0.272,0,0,0,0,v
2017-09-15 12:30,0.351,0.305,0,0,0,0,v
2017-09-15 12:36,0.354,0.266,0,0,0,0,v
2017-09-15 12:42,0.246,0.253,0,0,0,0,v
2017-09-15 12:48,0.341,0.305,0,0,0,0,v
2017-09-15 12:54,0.318,0.246,0,0,0,0,v
2017-09-15 13:00,0.335,0.318,0,0,0,0,v
2017-09-15 13:06,0.325,0.276,0,0,0,0,v
2017-09-15 13:12,0.318,0.230,0,0,0,0,v
2017-09-15 13:18,0.344,0.243,0,0,0,0,v
2017-09-15 13:24,0.325,0.243,0,0,0,0,v
2017-09-15 13:30,0.341,0.279,0,0,0,0,v
2017-09-15 13:36,0.361,0.269,0,0,0,0,v
2017-09-15 13:42,0.374,0.236,0,0,0,0,v
2017-09-15 13:48,0.387,0.246,0,0,0,0,v
2017-09-15 13:54,0.381,0.259,0,0,0,0,v
2017-09-15 14:00,0.397,0.279,0,0,0,0,v
2017-09-15 14:06,0.410,0.272,0,0,0,0,v
2017-09-15 14:12,0.381,0.262,0,0,0,0,v
2017-09-15 14:18,0.407,0.292,0,0,0,0,v
2017-09-15 14:24,0.456,0.246,0,0,0,0,v
2017-09-15 14:30,0.446,0.285,0,0,0,0,v
2017-09-15 14:36,0.440,0.213,0,0,0,0,v
2017-09-15 14:42,0.505,0.276,0,0,0,0,v
2017-09-15 14:48,0.479,0.240,0,0,0,0,v
2017-09-15 14:54,0.505,0.276,0,0,0,0,v
2017-09-15 15:00,0.548,0.289,0,0,0,0,v
2017-09-15 15:06,0.561,0.289,0,0,0,0,v
2017-09-15 15:12,0.577,0.240,0,0,0,0,v
2017-09-15 15:18,0.646,0.210,0,0,0,0,v
2017-09-15 15:24,0.591,0.249,0,0,0,0,v
2017-09-15 15:30,0.669,0.256,0,0,0,0,v
2017-09-15 15:36,0.745,0.256,0,0,0,0,v
2017-09-15 15:42,0.732,0.230,0,0,0,0,v
2017-09-15 15:48,0.794,0.210,0,0,0,0,v
2017-09-15 15:54,0.804,0.249,0,0,0,0,v
2017-09-15 16:00,0.876,0.249,0,0,0,0,v
2017-09-15 16:06,0.909,0.230,0,0,0,0,v
2017-09-15 16:12,0.928,0.243,0,0,0,0,v
2017-09-15 16:18,1.024,0.243,0,0,0,0,v
2017-09-15 16:24,1.017,0.282,0,0,0,0,v
2017-09-15 16:30,1.115,0.322,0,0,0,0,v
2017-09-15 16:36,1.138,0.269,0,0,0,0,v
2017-09-15 16:42,1.214,0.253,0,0,0,0,v
2017-09-15 16:48,1.234,0.246,0,0,0,0,v
2017-09-15 16:54,1.289,0.272,0,0,0,0,v
2017-09-15 17:00,1.371,0.325,0,0,0,0,v
2017-09-15 17:06,1.394,0.269,0,0,0,0,v
2017-09-15 17:12,1.437,0.308,0,0,0,0,v
2017-09-15 17:18,1.457,0.256,0,0,0,0,v
2017-09-15 17:24,1.617,0.344,0,0,0,0,v
2017-09-15 17:30,1.549,0.256,0,0,0,0,v
2017-09-15 17:36,1.608,0.256,0,0,0,0,v
2017-09-15 17:42,1.660,0.328,0,0,0,0,v
2017-09-15 17:48,1.690,0.253,0,0,0,0,v
2017-09-15 17:54,1.752,0.308,0,0,0,0,v
2017-09-15 18:00,1.739,0.348,0,0,0,0,v
2017-09-15 18:06,1.788,0.289,0,0,0,0,v
2017-09-15 18:12,1.818,0.312,0,0,0,0,v
2017-09-15 18:18,1.850,0.253,0,0,0,0,v
2017-09-15 18:24,1.883,0.259,0,0,0,0,v
2017-09-15 18:30,1.923,0.256,0,0,0,0,v
2017-09-15 18:36,1.923,0.276,0,0,0,0,v
2017-09-15 18:42,1.991,0.276,0,0,0,0,v
2017-09-15 18:48,2.028,0.285,0,0,0,0,v
2017-09-15 18:54,2.034,0.279,0,0,0,0,v
2017-09-15 19:00,2.083,0.272,0,0,0,0,v
2017-09-15 19:06,2.073,0.279,0,0,0,0,v
2017-09-15 19:12,2.185,0.292,0,0,0,0,v
2017-09-15 19:18,2.165,0.285,0,0,0,0,v
2017-09-15 19:24,2.215,0.315,0,0,0,0,v
2017-09-15 19:30,2.169,0.262,0,0,0,0,v
2017-09-15 19:36,2.231,0.302,0,0,0,0,v
2017-09-15 19:42,2.228,0.285,0,0,0,0,v
2017-09-15 19:48,2.241,0.213,0,0,0,0,v
2017-09-15 19:54,2.264,0.305,0,0,0,0,v
2017-09-15 20:00,2.247,0.318,0,0,0,0,v
2017-09-15 20:06,2.260,0.266,0,0,0,0,v
2017-09-15 20:12,2.270,0.341,0,0,0,0,v
2017-09-15 20:18,2.241,0.335,0,0,0,0,v
2017-09-15 20:24,2.287,0.226,0,0,0,0,v
2017-09-15 20:30,2.287,0.282,0,0,0,0,v
2017-09-15 20:36,2.283,0.289,0,0,0,0,v
2017-09-15 20:42,2.270,0.253,0,0,0,0,v
2017-09-15 20:48,2.267,0.299,0,0,0,0,v
2017-09-15 20:54,2.215,0.302,0,0,0,0,v
2017-09-15 21:00,2.264,0.282,0,0,0,0,v
2017-09-15 21:06,2.165,0.272,0,0,0,0,v
2017-09-15 21:12,2.169,0.289,0,0,0,0,v
2017-09-15 21:18,2.185,0.325,0,0,0,0,v
2017-09-15 21:24,2.103,0.315,0,0,0,0,v
2017-09-15 21:30,2.123,0.266,0,0,0,0,v
2017-09-15 21:36,2.087,0.282,0,0,0,0,v
2017-09-15 21:42,2.024,0.217,0,0,0,0,v
2017-09-15 21:48,2.031,0.256,0,0,0,0,v
2017-09-15 21:54,1.991,0.253,0,0,0,0,v
2017-09-15 22:00,1.949,0.325,0,0,0,0,v
2017-09-15 22:06,1.965,0.348,0,0,0,0,v
2017-09-15 22:12,1.873,0.256,0,0,0,0,v
2017-09-15 22:18,1.854,0.230,0,0,0,0,v
2017-09-15 22:24,1.834,0.236,0,0,0,0,v
2017-09-15 22:30,1.831,0.279,0,0,0,0,v
2017-09-15 22:36,1.739,0.259,0,0,0,0,v
2017-09-15 22:42,1.739,0.249,0,0,0,0,v
2017-09-15 22:48,1.709,0.266,0,0,0,0,v
2017-09-15 22:54,1.713,0.240,0,0,0,0,v
2017-09-15 23:00,1.680,0.259,0,0,0,0,v
2017-09-15 23:06,1.608,0.200,0,0,0,0,v
2017-09-15 23:12,1.614,0.180,0,0,0,0,v
2017-09-15 23:18,1.539,0.246,0,0,0,0,v
2017-09-15 23:24,1.519,0.194,0,0,0,0,v
2017-09-15 23:30,1.499,0.194,0,0,0,0,v
2017-09-15 23:36,1.457,0.240,0,0,0,0,v
2017-09-15 23:42,1.407,0.276,0,0,0,0,v
2017-09-15 23:48,1.404,0.197,0,0,0,0,v
2017-09-15 23:54,1.345,0.226,0,0,0,0,v
2017-09-16 00:00,1.302,0.210,0,0,0,0,v
2017-09-16 00:06,1.348,0.197,0,0,0,0,v
2017-09-16 00:12,1.263,0.223,0,0,0,0,v
2017-09-16 00:18,1.286,0.226,0,0,0,0,v
2017-09-16 00:24,1.247,0.200,0,0,0,0,v
2017-09-16 00:30,1.181,0.184,0,0,0,0,v
2017-09-16 00:36,1.224,0.184,0,0,0,0,v
2017-09-16 00:42,1.089,0.210,0,0,0,0,v
2017-09-16 00:48,1.145,0.161,0,0,0,0,v
2017-09-16 00:54,1.070,0.210,0,0,0,0,v
2017-09-16 01:00,1.086,0.190,0,0,0,0,v
2017-09-16 01:06,1.053,0.177,0,0,0,0,v
2017-09-16 01:12,1.010,0.164,0,0,0,0,v
2017-09-16 01:18,0.965,0.184,0,0,0,0,v
2017-09-16 01:24,0.938,0.174,0,0,0,0,v
2017-09-16 01:30,0.909,0.180,0,0,0,0,v
2017-09-16 01:36,0.879,0.167,0,0,0,0,v
2017-09-16 01:42,0.830,0.177,0,0,0,0,v
2017-09-16 01:48,0.833,0.187,0,0,0,0,v
2017-09-16 01:54,0.837,0.203,0,0,0,0,v
2017-09-16 02:00,0.741,0.167,0,0,0,0,v
2017-09-16 02:06,0.791,0.190,0,0,0,0,v
2017-09-16 02:12,0.748,0.210,0,0,0,0,v
2017-09-16 02:18,0.735,0.194,0,0,0,0,v
2017-09-16 02:24,0.764,0.151,0,0,0,0,v
2017-09-16 02:30,0.712,0.207,0,0,0,0,v
2017-09-16 02:36,0.719,0.187,0,0,0,0,v
2017-09-16 02:42,0.722,0.164,0,0,0,0,v
2017-09-16 02:48,0.696,0.180,0,0,0,0,v
2017-09-16 02:54,0.719,0.177,0,0,0,0,v
2017-09-16 03:00,0.692,0.135,0,0,0,0,v
2017-09-16 03:06,0.719,0.236,0,0,0,0,v
2017-09-16 03:12,0.676,0.174,0,0,0,0,v
2017-09-16 03:18,0.686,0.157,0,0,0,0,v
2017-09-16 03:24,0.689,0.157,0,0,0,0,v
2017-09-16 03:30,0.669,0.128,0,0,0,0,v
2017-09-16 03:36,0.689,0.187,0,0,0,0,v
2017-09-16 03:42,0.673,0.184,0,0,0,0,v
2017-09-16 03:48,0.696,0.187,0,0,0,0,v
2017-09-16 03:54,0.741,0.174,0,0,0,0,v
2017-09-16 04:00,0.755,0.200,0,0,0,0,v
2017-09-16 04:06,0.735,0.197,0,0,0,0,v
2017-09-16 04:12,0.761,0.148,0,0,0,0,v
2017-09-16 04:18,0.817,0.144,0,0,0,0,v
2017-09-16 04:24,0.804,0.135,0,0,0,0,v
2017-09-16 04:30,0.856,0.220,0,0,0,0,v
2017-09-16 04:36,0.879,0.157,0,0,0,0,v
2017-09-16 04:42,0.896,0.207,0,0,0,0,v
2017-09-16 04:48,0.935,0.197,0,0,0,0,v
2017-09-16 04:54,0.935,0.187,0,0,0,0,v
2017-09-16 05:00,0.955,0.190,0,0,0,0,v
2017-09-16 05:06,1.004,0.171,0,0,0,0,v
2017-09-16 05:12,0.984,0.180,0,0,0,0,v
2017-09-16 05:18,1.004,0.161,0,0,0,0,v
2017-09-16 05:24,1.027,0.180,0,0,0,0,v
2017-09-16 05:30,1.037,0.164,0,0,0,0,v
2017-09-16 05:36,1.030,0.174,0,0,0,0,v
2017-09-16 05:42,1.102,0.184,0,0,0,0,v
2017-09-16 05:48,1.093,0.187,0,0,0,0,v
2017-09-16 05:54,1.109,0.161,0,0,0,0,v
2017-09-16 06:00,1.115,0.167,0,0,0,0,v
2017-09-16 06:06,1.129,0.177,0,0,0,0,v
2017-09-16 06:12,1.152,0.148,0,0,0,0,v
2017-09-16 06:18,1.132,0.200,0,0,0,0,v
2017-09-16 06:24,1.194,0.174,0,0,0,0,v
2017-09-16 06:30,1.184,0.171,0,0,0,0,v
2017-09-16 06:36,1.191,0.174,0,0,0,0,v
2017-09-16 06:42,1.224,0.177,0,0,0,0,v
2017-09-16 06:48,1.217,0.141,0,0,0,0,v
2017-09-16 06:54,1.273,0.207,0,0,0,0,v
2017-09-16 07:00,1.266,0.161,0,0,0,0,v
2017-09-16 07:06,1.286,0.197,0,0,0,0,v
2017-09-16 07:12,1.322,0.157,0,0,0,0,v
2017-09-16 07:18,1.289,0.203,0,0,0,0,v
2017-09-16 07:24,1.371,0.167,0,0,0,0,v
2017-09-16 07:30,1.335,0.141,0,0,0,0,v
2017-09-16 07:36,1.365,0.164,0,0,0,0,v
2017-09-16 07:42,1.414,0.148,0,0,0,0,v
2017-09-16 07:48,1.378,0.174,0,0,0,0,v
2017-09-16 07:54,1.437,0.174,0,0,0,0,v
2017-09-16 08:00,1.385,0.220,0,0,0,0,v
2017-09-16 08:06,1.440,0.167,0,0,0,0,v
2017-09-16 08:12,1.427,0.174,0,0,0,0,v
2017-09-16 08:18,1.450,0.180,0,0,0,0,v
2017-09-16 08:24,1.453,0.148,0,0,0,0,v
2017-09-16 08:30,1.434,0.210,0,0,0,0,v
2017-09-16 08:36,1.430,0.184,0,0,0,0,v
2017-09-16 08:42,1.430,0.184,0,0,0,0,v
2017-09-16 08:48,1.437,0.177,0,0,0,0,v
2017-09-16 08:54,1.421,0.151,0,0,0,0,v
2017-09-16 09:00,1.394,0.174,0,0,0,0,v
2017-09-16 09:06,1.414,0.184,0,0,0,0,v
2017-09-16 09:12,1.378,0.200,0,0,0,0,v
2017-09-16 09:18,1.391,0.144,0,0,0,0,v
2017-09-16 09:24,1.358,0.187,0,0,0,0,v
2017-09-16 09:30,1.312,0.164,0,0,0,0,v
2017-09-16 09:36,1.339,0.125,0,0,0,0,v
2017-09-16 09:42,1.283,0.154,0,0,0,0,v
2017-09-16 09:48,1.309,0.174,0,0,0,0,v
2017-09-16 09:54,1.237,0.148,0,0,0,0,v
2017-09-16 10:00,1.230,0.161,0,0,0,0,v
2017-09-16 10:06,1.207,0.171,0,0,0,0,v
2017-09-16 10:12,1.181,0.144,0,0,0,0,v
2017-09-16 10:18,1.115,0.138,0,0,0,0,v
2017-09-16 10:24,1.132,0.167,0,0,0,0,v
2017-09-16 10:30,1.083,0.161,0,0,0,0,v
2017-09-16 10:36,1.060,0.138,0,0,0,0,v
2017-09-16 10:42,1.040,0.151,0,0,0,0,v
2017-09-16 10:48,0.974,0.148,0,0,0,0,v
2017-09-16 10:54,0.971,0.135,0,0,0,0,v
2017-09-16 11:00,0.896,0.164,0,0,0,0,v
2017-09-16 11:06,0.883,0.148,0,0,0,0,v
2017-09-16 11:12,0.856,0.125,0,0,0,0,v
2017-09-16 11:18,0.807,0.144,0,0,0,0,v
2017-09-16 11:24,0.801,0.141,0,0,0,0,v
2017-09-16 11:30,0.692,0.148,0,0,0,0,v
2017-09-16 11:36,0.699,0.148,0,0,0,0,v
2017-09-16 11:42,0.673,0.148,0,0,0,0,v
2017-09-16 11:48,0.600,0.148,0,0,0,0,v
2017-09-16 11:54,0.581,0.135,0,0,0,0,v
2017-09-16 12:00,0.535,0.154,0,0,0,0,v
2017-09-16 12:06,0.515,0.131,0,0,0,0,v
2017-09-16 12:12,0.512,0.161,0,0,0,0,v
2017-09-16 12:18,0.427,0.118,0,0,0,0,v
2017-09-16 12:24,0.443,0.154,0,0,0,0,v
2017-09-16 12:30,0.361,0.128,0,0,0,0,v
2017-09-16 12:36,0.397,0.161,0,0,0,0,v
2017-09-16 12:42,0.338,0.121,0,0,0,0,v
2017-09-16 12:48,0.308,0.154,0,0,0,0,v
2017-09-16 12:54,0.299,0.131,0,0,0,0,v
2017-09-16 13:00,0.249,0.135,0,0,0,0,v
2017-09-16 13:06,0.272,0.141,0,0,0,0,v
2017-09-16 13:12,0.233,0.148,0,0,0,0,v
2017-09-16 13:18,0.217,0.131,0,0,0,0,v
2017-09-16 13:24,0.253,0.151,0,0,0,0,v
2017-09-16 13:30,0.161,0.112,0,0,0,0,v
2017-09-16 13:36,0.236,0.154,0,0,0,0,v
2017-09-16 13:42,0.187,0.135,0,0,0,0,v
2017-09-16 13:48,0.194,0.151,0,0,0,0,v
2017-09-16 13:54,0.213,0.141,0,0,0,0,v
2017-09-16 14:00,0.164,0.138,0,0,0,0,v
2017-09-16 14:06,0.210,0.148,0,0,0,0,v
2017-09-16 14:12,0.233,0.154,0,0,0,0,v
2017-09-16 14:18,0.171,0.108,0,0,0,0,v
2017-09-16 14:24,0.249,0.144,0,0,0,0,v
2017-09-16 14:30,0.246,0.131,0,0,0,0,v
2017-09-16 14:36,0.223,0.144,0,0,0,0,v
2017-09-16 14:42,0.285,0.151,0,0,0,0,v
2017-09-16 14:48,0.266,0.128,0,0,0,0,v
2017-09-16 14:54,0.282,0.138,0,0,0,0,v
2017-09-16 15:00,0.285,0.148,0,0,0,0,v
2017-09-16 15:06,0.308,0.128,0,0,0,0,v
2017-09-16 15:12,0.299,0.125,0,0,0,0,v
2017-09-16 15:18,0.322,0.141,0,0,0,0,v
2017-09-16 15:24,0.318,0.135,0,0,0,0,v
2017-09-16 15:30,0.377,0.138,0,0,0,0,v
2017-09-16 15:36,0.377,0.164,0,0,0,0,v
2017-09-16 15:42,0.394,0.131,0,0,0,0,v
2017-09-16 15:48,0.469,0.164,0,0,0,0,v
2017-09-16 15:54,0.417,0.144,0,0,0,0,v
2017-09-16 16:00,0.512,0.121,0,0,0,0,v
2017-09-16 16:06,0.502,0.144,0,0,0,0,v
2017-09-16 16:12,0.528,0.144,0,0,0,0,v
2017-09-16 16:18,0.597,0.121,0,0,0,0,v
2017-09-16 16:24,0.587,0.128,0,0,0,0,v
2017-09-16 16:30,0.673,0.112,0,0,0,0,v
2017-09-16 16:36,0.705,0.141,0,0,0,0,v
2017-09-16 16:42,0.709,0.138,0,0,0,0,v
2017-09-16 16:48,0.830,0.144,0,0,0,0,v
2017-09-16 16:54,0.814,0.125,0,0,0,0,v
2017-09-16 17:00,0.886,0.125,0,0,0,0,v
2017-09-16 17:06,0.928,0.144,0,0,0,0,v
2017-09-16 17:12,0.994,0.154,0,0,0,0,v
2017-09-16 17:18,1.014,0.151,0,0,0,0,v
2017-09-16 17:24,1.056,0.138,0,0,0,0,v
2017-09-16 17:30,1.115,0.154,0,0,0,0,v
2017-09-16 17:36,1.165,0.148,0,0,0,0,v
2017-09-16 17:42,1.198,0.135,0,0,0,0,v
2017-09-16 17:48,1.260,0.115,0,0,0,0,v
2017-09-16 17:54,1.316,0.141,0,0,0,0,v
2017-09-16 18:00,1.312,0.135,0,0,0,0,v
2017-09-16 18:06,1.358,0.144,0,0,0,0,v
2017-09-16 18:12,1.417,0.171,0,0,0,0,v
2017-09-16 18:18,1.394,0.138,0,0,0,0,v
2017-09-16 18:24,1.496,0.151,0,0,0,0,v
2017-09-16 18:30,1.493,0.151,0,0,0,0,v
2017-09-16 18:36,1.578,0.167,0,0,0,0,v
2017-09-16 18:42,1.585,0.161,0,0,0,0,v
2017-09-16 18:48,1.680,0.151,0,0,0,0,v
2017-09-16 18:54,1.624,0.151,0,0,0,0,v
2017-09-16 19:00,1.739,0.164,0,0,0,0,v
2017-09-16 19:06,1.811,0.154,0,0,0,0,v
2017-09-16 19:12,1.775,0.157,0,0,0,0,v
2017-09-16 19:18,1.880,0.167,0,0,0,0,v
2017-09-16 19:24,1.890,0.184,0,0,0,0,v
2017-09-16 19:30,1.886,0.151,0,0,0,0,v
2017-09-16 19:36,1.955,0.174,0,0,0,0,v
2017-09-16 19:42,1.923,0.167,0,0,0,0,v
2017-09-16 19:48,1.998,0.167,0,0,0,0,v
2017-09-16 19:54,2.005,0.157,0,0,0,0,v
2017-09-16 20:00,2.014,0.151,0,0,0,0,v
2017-09-16 20:06,2.051,0.210,0,0,0,0,v
2017-09-16 20:12,2.047,0.200,0,0,0,0,v
2017-09-16 20:18,2.090,0.177,0,0,0,0,v
2017-09-16 20:24,2.123,0.171,0,0,0,0,v
2017-09-16 20:30,2.090,0.135,0,0,0,0,v
2017-09-16 20:36,2.123,0.135,0,0,0,0,v
2017-09-16 20:42,2.100,0.200,0,0,0,0,v
2017-09-16 20:48,2.110,0.164,0,0,0,0,v
2017-09-16 20:54,2.123,0.154,0,0,0,0,v
2017-09-16 21:00,2.139,0.203,0,0,0,0,v
2017-09-16 21:06,2.162,0.167,0,0,0,0,v
2017-09-16 21:12,2.156,0.184,0,0,0,0,v
2017-09-16 21:18,2.182,0.184,0,0,0,0,v
2017-09-16 21:24,2.156,0.177,0,0,0,0,v
2017-09-16 21:30,2.156,0.190,0,0,0,0,v
2017-09-16 21:36,2.156,0.177,0,0,0,0,v
2017-09-16 21:42,2.159,0.174,0,0,0,0,v
2017-09-16 21:48,2.139,0.177,0,0,0,0,v
2017-09-16 21:54,2.162,0.171,0,0,0,0,v
2017-09-16 22:00,2.133,0.148,0,0,0,0,v
2017-09-16 22:06,2.142,0.207,0,0,0,0,v
2017-09-16 22:12,2.103,0.197,0,0,0,0,v
2017-09-16 22:18,2.136,0.171,0,0,0,0,v
2017-09-16 22:24,2.073,0.164,0,0,0,0,v
2017-09-16 22:30,2.087,0.148,0,0,0,0,v
2017-09-16 22:36,2.067,0.184,0,0,0,0,v
2017-09-16 22:42,2.041,0.148,0,0,0,0,v
2017-09-16 22:48,2.018,0.131,0,0,0,0,v
2017-09-16 22:54,1.975,0.184,0,0,0,0,v
2017-09-16 23:00,1.952,0.177,0,0,0,0,v
2017-09-16 23:06,1.959,0.141,0,0,0,0,v
2017-09-16 23:12,1.893,0.144,0,0,0,0,v
2017-09-16 23:18,1.923,0.171,0,0,0,0,v
2017-09-16 23:24,1.837,0.144,0,0,0,0,v
2017-09-16 23:30,1.824,0.184,0,0,0,0,v
2017-09-16 23:36,1.772,0.154,0,0,0,0,v
2017-09-16 23:42,1.762,0.141,0,0,0,0,v
2017-09-16 23:48,1.732,0.138,0,0,0,0,v
2017-09-16 23:54,1.693,0.128,0,0,0,0,v
2017-09-17 00:00,1.634,0.128,0,0,0,0,v
2017-09-17 00:06,1.624,0.144,0,0,0,0,v
2017-09-17 00:12,1.591,0.144,0,0,0,0,v
2017-09-17 00:18,1.509,0.135,0,0,0,0,v
2017-09-17 00:24,1.522,0.141,0,0,0,0,v
2017-09-17 00:30,1.470,0.144,0,0,0,0,v
2017-09-17 00:36,1.457,0.154,0,0,0,0,v
2017-09-17 00:42,1.394,0.144,0,0,0,0,v
2017-09-17 00:48,1.411,0.141,0,0,0,0,v
2017-09-17 00:54,1.296,0.144,0,0,0,0,v
2017-09-17 01:00,1.339,0.148,0,0,0,0,v
2017-09-17 01:06,1.227,0.112,0,0,0,0,v
2017-09-17 01:12,1.286,0.135,0,0,0,0,v
2017-09-17 01:18,1.168,0.148,0,0,0,0,v
2017-09-17 01:24,1.260,0.138,0,0,0,0,v
2017-09-17 01:30,1.138,0.121,0,0,0,0,v
2017-09-17 01:36,1.135,0.131,0,0,0,0,v
2017-09-17 01:42,1.115,0.131,0,0,0,0,v
2017-09-17 01:48,1.093,0.115,0,0,0,0,v
2017-09-17 01:54,1.070,0.125,0,0,0,0,v
2017-09-17 02:00,1.066,0.131,0,0,0,0,v
2017-09-17 02:06,1.053,0.115,0,0,0,0,v
2017-09-17 02:12,0.965,0.115,0,0,0,0,v
2017-09-17 02:18,1.030,0.135,0,0,0,0,v
2017-09-17 02:24,0.922,0.125,0,0,0,0,v
2017-09-17 02:30,0.935,0.138,0,0,0,0,v
2017-09-17 02:36,0.919,0.112,0,0,0,0,v
2017-09-17 02:42,0.866,0.121,0,0,0,0,v
2017-09-17 02:48,0.889,0.128,0,0,0,0,v
2017-09-17 02:54,0.860,0.138,0,0,0,0,v
2017-09-17 03:00,0.784,0.121,0,0,0,0,v
2017-09-17 03:06,0.899,0.115,0,0,0,0,v
2017-09-17 03:12,0.738,0.131,0,0,0,0,v
2017-09-17 03:18,0.837,0.098,0,0,0,0,v
2017-09-17 03:24,0.702,0.118,0,0,0,0,v
2017-09-17 03:30,0.771,0.112,0,0,0,0,v
2017-09-17 03:36,0.725,0.121,0,0,0,0,v
2017-09-17 03:42,0.692,0.118,0,0,0,0,v
2017-09-17 03:48,0.768,0.115,0,0,0,0,v
2017-09-17 03:54,0.692,0.112,0,0,0,0,v
2017-09-17 04:00,0.751,0.102,0,0,0,0,v
2017-09-17 04:06,0.696,0.105,0,0,0,0,v
2017-09-17 04:12,0.673,0.095,0,0,0,0,v
2017-09-17 04:18,0.741,0.128,0,0,0,0,v
2017-09-17 04:24,0.709,0.115,0,0,0,0,v
2017-09-17 04:30,0.712,0.118,0,0,0,0,v
2017-09-17 04:36,0.758,0.115,0,0,0,0,v
2017-09-17 04:42,0.679,0.118,0,0,0,0,v
2017-09-17 04:48,0.794,0.105,0,0,0,0,v
2017-09-17 04:54,0.728,0.118,0,0,0,0,v
2017-09-17 05:00,0.804,0.128,0,0,0,0,v
2017-09-17 05:06,0.771,0.112,0,0,0,0,v
2017-09-17 05:12,0.810,0.105,0,0,0,0,v
2017-09-17 05:18,0.820,0.118,0,0,0,0,v
2017-09-17 05:24,0.774,0.125,0,0,0,0,v
2017-09-17 05:30,0.879,0.125,0,0,0,0,v
2017-09-17 05:36,0.807,0.157,0,0,0,0,v
2017-09-17 05:42,0.912,0.112,0,0,0,0,v
2017-09-17 05:48,0.856,0.098,0,0,0,0,v
2017-09-17 05:54,0.951,0.102,0,0,0,0,v
2017-09-17 06:00,0.955,0.144,0,0,0,0,v
2017-09-17 06:06,0.945,0.089,0,0,0,0,v
2017-09-17 06:12,1.043,0.115,0,0,0,0,v
2017-09-17 06:18,1.020,0.121,0,0,0,0,v
2017-09-17 06:24,1.040,0.108,0,0,0,0,v
2017-09-17 06:30,1.079,0.118,0,0,0,0,v
2017-09-17 06:36,1.083,0.121,0,0,0,0,v
2017-09-17 06:42,1.184,0.108,0,0,0,0,v
2017-09-17 06:48,1.106,0.128,0,0,0,0,v
2017-09-17 06:54,1.178,0.121,0,0,0,0,v
2017-09-17 07:00,1.181,0.118,0,0,0,0,v
2017-09-17 07:06,1.184,0.108,0,0,0,0,v
2017-09-17 07:12,1.224,0.135,0,0,0,0,v
2017-09-17 07:18,1.194,0.125,0,0,0,0,v
2017-09-17 07:24,1.257,0.105,0,0,0,0,v
2017-09-17 07:30,1.266,0.112,0,0,0,0,v
2017-09-17 07:36,1.276,0.102,0,0,0,0,v
2017-09-17 07:42,1.312,0.144,0,0,0,0,v
2017-09-17 07:48,1.302,0.118,0,0,0,0,v
2017-09-17 07:54,1.332,0.115,0,0,0,0,v
2017-09-17 08:00,1.345,0.118,0,0,0,0,v
2017-09-17 08:06,1.348,0.102,0,0,0,0,v
2017-09-17 08:12,1.391,0.128,0,0,0,0,v
2017-09-17 08:18,1.385,0.154,0,0,0,0,v
2017-09-17 08:24,1.401,0.131,0,0,0,0,v
2017-09-17 08:30,1.378,0.105,0,0,0,0,v
2017-09-17 08:36,1.453,0.108,0,0,0,0,v
2017-09-17 08:42,1.427,0.115,0,0,0,0,v
2017-09-17 08:48,1.450,0.105,0,0,0,0,v
2017-09-17 08:54,1.421,0.121,0,0,0,0,v
2017-09-17 09:00,1.532,0.135,0,0,0,0,v
2017-09-17 09:06,1.476,0.135,0,0,0,0,v
2017-09-17 09:12,1.499,0.135,0,0,0,0,v
2017-09-17 09:18,1.526,0.112,0,0,0,0,v
2017-09-17 09:24,1.480,0.115,0,0,0,0,v
2017-09-17 09:30,1.519,0.125,0,0,0,0,v
2017-09-17 09:36,1.483,0.115,0,0,0,0,v
2017-09-17 09:42,1.522,0.115,0,0,0,0,v
2017-09-17 09:48,1.483,0.092,0,0,0,0,v
2017-09-17 09:54,1.447,0.135,0,0,0,0,v
2017-09-17 10:00,1.496,0.115,0,0,0,0,v
2017-09-17 10:06,1.427,0.121,0,0,0,0,v
2017-09-17 10:12,1.457,0.125,0,0,0,0,v
2017-09-17 10:18,1.430,0.121,0,0,0,0,v
2017-09-17 10:24,1.417,0.128,0,0,0,0,v
2017-09-17 10:30,1.407,0.118,0,0,0,0,v
2017-09-17 10:36,1.391,0.138,0,0,0,0,v
2017-09-17 10:42,1.358,0.118,0,0,0,0,v
2017-09-17 10:48,1.381,0.102,0,0,0,0,v
2017-09-17 10:54,1.302,0.128,0,0,0,0,v
2017-09-17 11:00,1.371,0.105,0,0,0,0,v
2017-09-17 11:06,1.273,0.108,0,0,0,0,v
2017-09-17 11:12,1.280,0.118,0,0,0,0,v
2017-09-17 11:18,1.283,0.121,0,0,0,0,v
2017-09-17 11:24,1.191,0.118,0,0,0,0,v
2017-09-17 11:30,1.224,0.125,0,0,0,0,v
2017-09-17 11:36,1.168,0.092,0,0,0,0,v
2017-09-17 11:42,1.112,0.098,0,0,0,0,v
2017-09-17 11:48,1.132,0.118,0,0,0,0,v
2017-09-17 11:54,1.093,0.105,0,0,0,0,v
2017-09-17 12:00,1.037,0.151,0,0,0,0,v
2017-09-17 12:06,1.017,0.121,0,0,0,0,v
2017-09-17 12:12,0.974,0.121,0,0,0,0,v
2017-09-17 12:18,0.915,0.115,0,0,0,0,v
2017-09-17 12:24,0.938,0.121,0,0,0,0,v
2017-09-17 12:30,0.840,0.135,0,0,0,0,v
2017-09-17 12:36,0.850,0.108,0,0,0,0,v
2017-09-17 12:42,0.784,0.118,0,0,0,0,v
2017-09-17 12:48,0.801,0.108,0,0,0,0,v
2017-09-17 12:54,0.715,0.102,0,0,0,0,v
2017-09-17 13:00,0.712,0.128,0,0,0,0,v
2017-09-17 13:06,0.682,0.095,0,0,0,0,v
2017-09-17 13:12,0.614,0.138,0,0,0,0,v
2017-09-17 13:18,0.636,0.121,0,0,0,0,v
2017-09-17 13:24,0.571,0.092,0,0,0,0,v
2017-09-17 13:30,0.568,0.112,0,0,0,0,v
2017-09-17 13:36,0.495,0.118,0,0,0,0,v
2017-09-17 13:42,0.502,0.108,0,0,0,0,v
2017-09-17 13:48,0.410,0.118,0,0,0,0,v
2017-09-17 13:54,0.400,0.138,0,0,0,0,v
2017-09-17 14:00,0.417,0.118,0,0,0,0,v
2017-09-17 14:06,0.302,0.108,0,0,0,0,v
2017-09-17 14:12,0.338,0.118,0,0,0,0,v
2017-09-17 14:18,0.348,0.118,0,0,0,0,v
2017-09-17 14:24,0.236,0.102,0,0,0,0,v
2017-09-17 14:30,0.295,0.098,0,0,0,0,v
2017-09-17 14:36,0.220,0.131,0,0,0,0,v
2017-09-17 14:42,0.230,0.135,0,0,0,0,v
2017-09-17 14:48,0.207,0.135,0,0,0,0,v
2017-09-17 14:54,0.197,0.141,0,0,0,0,v
2017-09-17 15:00,0.171,0.108,0,0,0,0,v
2017-09-17 15:06,0.174,0.141,0,0,0,0,v
2017-09-17 15:12,0.190,0.102,0,0,0,0,v
2017-09-17 15:18,0.148,0.118,0,0,0,0,v
2017-09-17 15:24,0.148,0.121,0,0,0,0,v
2017-09-17 15:30,0.187,0.138,0,0,0,0,v
2017-09-17 15:36,0.135,0.121,0,0,0,0,v
2017-09-17 15:42,0.151,0.112,0,0,0,0,v
2017-09-17 15:48,0.187,0.151,0,0,0,0,v
2017-09-17 15:54,0.151,0.128,0,0,0,0,v
2017-09-17 16:00,0.180,0.102,0,0,0,0,v
2017-09-17 16:06,0.210,0.154,0,0,0,0,v
2017-09-17 16:12,0.197,0.105,0,0,0,0,v
2017-09-17 16:18,0.272,0.102,0,0,0,0,v
2017-09-17 16:24,0.256,0.089,0,0,0,0,v
2017-09-17 16:30,0.276,0.121,0,0,0,0,v
2017-09-17 16:36,0.331,0.095,0,0,0,0,v
2017-09-17 16:42,0.338,0.112,0,0,0,0,v
2017-09-17 16:48,0.377,0.115,0,0,0,0,v
2017-09-17 16:54,0.361,0.105,0,0,0,0,v
2017-09-17 17:00,0.410,0.115,0,0,0,0,v
2017-09-17 17:06,0.397,0.121,0,0,0,0,v
2017-09-17 17:12,0.515,0.131,0,0,0,0,v
2017-09-17 17:18,0.440,0.118,0,0,0,0,v
2017-09-17 17:24,0.551,0.112,0,0,0,0,v
2017-09-17 17:30,0.515,0.144,0,0,0,0,v
2017-09-17 17:36,0.587,0.121,0,0,0,0,v
2017-09-17 17:42,0.633,0.128,0,0,0,0,v
2017-09-17 17:48,0.604,0.112,0,0,0,0,v
2017-09-17 17:54,0.719,0.128,0,0,0,0,v
2017-09-17 18:00,0.679,0.115,0,0,0,0,v
2017-09-17 18:06,0.761,0.154,0,0,0,0,v
2017-09-17 18:12,0.758,0.135,0,0,0,0,v
2017-09-17 18:18,0.837,0.125,0,0,0,0,v
2017-09-17 18:24,0.886,0.125,0,0,0,0,v
2017-09-17 18:30,0.912,0.135,0,0,0,0,v
2017-09-17 18:36,0.978,0.115,0,0,0,0,v
2017-09-17 18:42,1.024,0.098,0,0,0,0,v
2017-09-17 18:48,1.010,0.128,0,0,0,0,v
2017-09-17 18:54,1.142,0.144,0,0,0,0,v
2017-09-17 19:00,1.112,0.148,0,0,0,0,v
2017-09-17 19:06,1.194,0.164,0,0,0,0,v
2017-09-17 19:12,1.201,0.118,0,0,0,0,v
2017-09-17 19:18,1.299,0.121,0,0,0,0,v
2017-09-17 19:24,1.253,0.144,0,0,0,0,v
2017-09-17 19:30,1.332,0.151,0,0,0,0,v
2017-09-17 19:36,1.414,0.121,0,0,0,0,v
2017-09-17 19:42,1.391,0.121,0,0,0,0,v
2017-09-17 19:48,1.512,0.128,0,0,0,0,v
2017-09-17 19:54,1.434,0.144,0,0,0,0,v
2017-09-17 20:00,1.627,0.128,0,0,0,0,v
2017-09-17 20:06,1.588,0.154,0,0,0,0,v
2017-09-17 20:12,1.663,0.131,0,0,0,0,v
2017-09-17 20:18,1.680,0.144,0,0,0,0,v
2017-09-17 20:24,1.742,0.128,0,0,0,0,v
2017-09-17 20:30,1.755,0.154,0,0,0,0,v
2017-09-17 20:36,1.814,0.135,0,0,0,0,v
2017-09-17 20:42,1.801,0.154,0,0,0,0,v
2017-09-17 20:48,1.854,0.144,0,0,0,0,v
2017-09-17 20:54,1.893,0.161,0,0,0,0,v
2017-09-17 21:00,1.909,0.128,0,0,0,0,v
2017-09-17 21:06,1.972,0.167,0,0,0,0,v
2017-09-17 21:12,1.906,0.138,0,0,0,0,v
2017-09-17 21:18,2.024,0.171,0,0,0,0,v
2017-09-17 21:24,1.991,0.141,0,0,0,0,v
2017-09-17 21:30,2.031,0.138,0,0,0,0,v
2017-09-17 21:36,2.077,0.167,0,0,0,0,v
2017-09-17 21:42,2.100,0.157,0,0,0,0,v
2017-09-17 21:48,2.103,0.154,0,0,0,0,v
2017-09-17 21:54,2.113,0.128,0,0,0,0,v
2017-09-17 22:00,2.136,0.157,0,0,0,0,v
2017-09-17 22:06,2.149,0.174,0,0,0,0,v
2017-09-17 22:12,2.149,0.151,0,0,0,0,v
2017-09-17 22:18,2.162,0.164,0,0,0,0,v
2017-09-17 22:24,2.185,0.144,0,0,0,0,v
2017-09-17 22:30,2.152,0.138,0,0,0,0,v
2017-09-17 22:36,2.188,0.141,0,0,0,0,v
2017-09-17 22:42,2.182,0.164,0,0,0,0,v
2017-09-17 22:48,2.169,0.177,0,0,0,0,v
2017-09-17 22:54,2.211,0.177,0,0,0,0,v
2017-09-17 23:00,2.178,0.141,0,0,0,0,v
2017-09-17 23:06,2.159,0.148,0,0,0,0,v
2017-09-17 23:12,2.182,0.167,0,0,0,0,v
2017-09-17 23:18,2.162,0.154,0,0,0,0,v
2017-09-17 23:24,2.126,0.148,0,0,0,0,v
2017-09-17 23:30,2.149,0.200,0,0,0,0,v
2017-09-17 23:36,2.123,0.190,0,0,0,0,v
2017-09-17 23:42,2.103,0.131,0,0,0,0,v
2017-09-17 23:48,2.087,0.180,0,0,0,0,v
2017-09-17 23:54,2.054,0.184,0,0,0,0,v
2017-09-18 00:00,1.998,0.016,0,0,0,0,v
2017-09-18 00:06,1.991,0.036,0,0,0,0,v
2017-09-18 00:12,1.978,0.049,0,0,0,0,v
2017-09-18 00:18,1.923,0.026,0,0,0,0,v
2017-09-18 00:24,1.962,0.016,0,0,0,0,v
2017-09-18 00:30,1.873,0.023,0,0,0,0,v
2017-09-18 00:36,1.854,0.026,0,0,0,0,v
2017-09-18 00:42,1.831,0.010,0,0,0,0,v
2017-09-18 00:48,1.781,0.010,0,0,0,0,v
2017-09-18 00:54,1.772,0.026,0,0,0,0,v
2017-09-18 01:00,1.736,0.010,0,0,0,0,v
2017-09-18 01:06,1.706,0.010,0,0,0,0,v
2017-09-18 01:12,1.670,0.023,0,0,0,0,v
2017-09-18 01:18,1.617,0.026,0,0,0,0,v
2017-09-18 01:24,1.621,0.016,0,0,0,0,v
2017-09-18 01:30,1.565,0.016,0,0,0,0,v
2017-09-18 01:36,1.532,0.023,0,0,0,0,v
2017-09-18 01:42,1.499,0.013,0,0,0,0,v
2017-09-18 01:48,1.450,0.013,0,0,0,0,v
2017-09-18 01:54,1.411,0.013,0,0,0,0,v
2017-09-18 02:00,1.371,0.033,0,0,0,0,v
2017-09-18 02:06,1.375,0.020,0,0,0,0,v
2017-09-18 02:12,1.296,0.010,0,0,0,0,v
2017-09-18 02:18,1.286,0.023,0,0,0,0,v
2017-09-18 02:24,1.273,0.036,0,0,0,0,v
2017-09-18 02:30,1.191,0.016,0,0,0,0,v
2017-09-18 02:36,1.214,0.020,0,0,0,0,v
2017-09-18 02:42,1.135,0.036,0,0,0,0,v
2017-09-18 02:48,1.161,0.016,0,0,0,0,v
2017-09-18 02:54,1.119,0.013,0,0,0,0,v
2017-09-18 03:00,1.083,0.026,0,0,0,0,v
2017-09-18 03:06,1.079,0.013,0,0,0,0,v
2017-09-18 03:12,1.056,0.016,0,0,0,0,v
2017-09-18 03:18,1.024,0.010,0,0,0,0,v
2017-09-18 03:24,1.030,0.033,0,0,0,0,v
2017-09-18 03:30,1.004,0.013,0,0,0,0,v
2017-09-18 03:36,0.974,0.010,0,0,0,0,v
2017-09-18 03:42,0.965,0.020,0,0,0,0,v
2017-09-18 03:48,0.935,0.026,0,0,0,0,v
2017-09-18 03:54,0.919,0.023,0,0,0,0,v
2017-09-18 04:00,0.922,0.020,0,0,0,0,v
2017-09-18 04:06,0.948,0.013,0,0,0,0,v
2017-09-18 04:12,0.928,0.026,0,0,0,0,v
2017-09-18 04:18,0.935,0.010,0,0,0,0,v
2017-09-18 04:24,0.896,0.016,0,0,0,0,v
2017-09-18 04:30,0.915,0.010,0,0,0,0,v
2017-09-18 04:36,0.863,0.020,0,0,0,0,v
2017-09-18 04:42,0.883,0.020,0,0,0,0,v
2017-09-18 04:48,0.876,0.016,0,0,0,0,v
2017-09-18 04:54,0.860,0.016,0,0,0,0,v
2017-09-18 05:00,0.889,0.026,0,0,0,0,v
2017-09-18 05:06,0.830,0.013,0,0,0,0,v
2017-09-18 05:12,0.856,0.010,0,0,0,0,v
2017-09-18 05:18,0.860,0.016,0,0,0,0,v
2017-09-18 05:24,0.837,0.020,0,0,0,0,v
2017-09-18 05:30,0.869,0.020,0,0,0,0,v
2017-09-18 05:36,0.853,0.013,0,0,0,0,v
2017-09-18 05:42,0.866,0.013,0,0,0,0,v
2017-09-18 05:48,0.840,0.033,0,0,0,0,v
2017-09-18 05:54,0.899,0.023,0,0,0,0,v
2017-09-18 06:00,0.889,0.043,0,0,0,0,v
2017-09-18 06:06,0.860,0.007,0,0,0,0,v
2017-09-18 06:12,0.955,0.010,0,0,0,0,v
2017-09-18 06:18,0.906,0.026,0,0,0,0,v
2017-09-18 06:24,0.922,0.026,0,0,0,0,v
2017-09-18 06:30,0.991,0.016,0,0,0,0,v
2017-09-18 06:36,0.974,0.016,0,0,0,0,v
2017-09-18 06:42,1.027,0.020,0,0,0,0,v
2017-09-18 06:48,1.001,0.016,0,0,0,0,v
2017-09-18 06:54,1.037,0.020,0,0,0,0,v
2017-09-18 07:00,1.070,0.036,0,0,0,0,v
2017-09-18 07:06,1.076,0.020,0,0,0,0,v
2017-09-18 07:12,1.112,0.016,0,0,0,0,v
2017-09-18 07:18,1.138,0.016,0,0,0,0,v
2017-09-18 07:24,1.142,0.020,0,0,0,0,v
2017-09-18 07:30,1.168,0.016,0,0,0,0,v
2017-09-18 07:36,1.217,0.023,0,0,0,0,v
2017-09-18 07:42,1.230,0.033,0,0,0,0,v
2017-09-18 07:48,1.276,0.016,0,0,0,0,v
2017-09-18 07:54,1.266,0.013,0,0,0,0,v
2017-09-18 08:00,1.316,0.020,0,0,0,0,v
2017-09-18 08:06,1.289,0.016,0,0,0,0,v
2017-09-18 08:12,1.365,0.026,0,0,0,0,v
2017-09-18 08:18,1.371,0.023,0,0,0,0,v
2017-09-18 08:24,1.388,0.023,0,0,0,0,v
2017-09-18 08:30,1.460,0.036,0,0,0,0,v
2017-09-18 08:36,1.434,0.016,0,0,0,0,v
2017-09-18 08:42,1.493,0.013,0,0,0,0,v
2017-09-18 08:48,1.476,0.016,0,0,0,0,v
2017-09-18 08:54,1.503,0.016,0,0,0,0,v
2017-09-18 09:00,1.529,0.016,0,0,0,0,v
2017-09-18 09:06,1.542,0.023,0,0,0,0,v
2017-09-18 09:12,1.542,0.010,0,0,0,0,v
2017-09-18 09:18,1.552,0.013,0,0,0,0,v
2017-09-18 09:24,1.581,0.026,0,0,0,0,v
2017-09-18 09:30,1.575,0.016,0,0,0,0,v
2017-09-18 09:36,1.601,0.016,0,0,0,0,v
2017-09-18 09:42,1.647,0.010,0,0,0,0,v
2017-09-18 09:48,1.614,0.030,0,0,0,0,v
2017-09-18 09:54,1.647,0.023,0,0,0,0,v
2017-09-18 10:00,1.673,0.010,0,0,0,0,v
2017-09-18 10:06,1.644,0.020,0,0,0,0,v
2017-09-18 10:12,1.677,0.013,0,0,0,0,v
2017-09-18 10:18,1.706,0.016,0,0,0,0,v
2017-09-18 10:24,1.703,0.010,0,0,0,0,v
2017-09-18 10:30,1.696,0.023,0,0,0,0,v
2017-09-18 10:36,1.726,0.030,0,0,0,0,v
2017-09-18 10:42,1.686,0.020,0,0,0,0,v
2017-09-18 10:48,1.719,0.020,0,0,0,0,v
2017-09-18 10:54,1.732,0.020,0,0,0,0,v
2017-09-18 11:00,1.690,0.013,0,0,0,0,v
2017-09-18 11:06,1.732,0.016,0,0,0,0,v
2017-09-18 11:12,1.660,0.016,0,0,0,0,v
2017-09-18 11:18,1.713,0.016,0,0,0,0,v
2017-09-18 11:24,1.640,0.016,0,0,0,0,v
2017-09-18 11:30,1.654,0.026,0,0,0,0,v
2017-09-18 11:36,1.634,0.023,0,0,0,0,v
2017-09-18 11:42,1.608,0.026,0,0,0,0,v
2017-09-18 11:48,1.591,0.023,0,0,0,0,v
2017-09-18 11:54,1.542,0.023,0,0,0,0,v
2017-09-18 12:00,1.542,0.016,0,0,0,0,v
2017-09-18 12:06,1.542,0.036,0,0,0,0,v
2017-09-18 12:12,1.490,0.016,0,0,0,0,v
2017-09-18 12:18,1.407,0.016,0,0,0,0,v
2017-09-18 12:24,1.457,0.020,0,0,0,0,v
2017-09-18 12:30,1.417,0.030,0,0,0,0,v
2017-09-18 12:36,1.362,0.010,0,0,0,0,v
2017-09-18 12:42,1.339,0.033,0,0,0,0,v
2017-09-18 12:48,1.260,0.013,0,0,0,0,v
2017-09-18 12:54,1.270,0.010,0,0,0,0,v
2017-09-18 13:00,1.234,0.016,0,0,0,0,v
2017-09-18 13:06,1.171,0.023,0,0,0,0,v
2017-09-18 13:12,1.132,0.010,0,0,0,0,v
2017-09-18 13:18,1.145,0.023,0,0,0,0,v
2017-09-18 13:24,1.089,0.020,0,0,0,0,v
2017-09-18 13:30,1.043,0.016,0,0,0,0,v
2017-09-18 13:36,1.053,0.013,0,0,0,0,v
2017-09-18 13:42,0.994,0.016,0,0,0,0,v
2017-09-18 13:48,0.994,0.026,0,0,0,0,v
2017-09-18 13:54,0.919,0.020,0,0,0,0,v
2017-09-18 14:00,0.919,0.043,0,0,0,0,v
2017-09-18 14:06,0.886,0.039,0,0,0,0,v
2017-09-18 14:12,0.843,0.023,0,0,0,0,v
2017-09-18 14:18,0.840,0.016,0,0,0,0,v
2017-09-18 14:24,0.797,0.033,0,0,0,0,v
2017-09-18 14:30,0.768,0.016,0,0,0,0,v
2017-09-18 14:36,0.722,0.013,0,0,0,0,v
2017-09-18 14:42,0.699,0.030,0,0,0,0,v
2017-09-18 14:48,0.659,0.023,0,0,0,0,v
2017-09-18 14:54,0.623,0.030,0,0,0,0,v
2017-09-18 15:00,0.591,0.030,0,0,0,0,v
2017-09-18 15:06,0.561,0.020,0,0,0,0,v
2017-09-18 15:12,0.522,0.020,0,0,0,0,v
2017-09-18 15:18,0.502,0.016,0,0,0,0,v
2017-09-18 15:24,0.423,0.020,0,0,0,0,v
2017-09-18 15:30,0.476,0.013,0,0,0,0,v
2017-09-18 15:36,0.430,0.016,0,0,0,0,v
2017-09-18 15:42,0.390,0.026,0,0,0,0,v
2017-09-18 15:48,0.361,0.016,0,0,0,0,v
2017-09-18 15:54,0.364,0.023,0,0,0,0,v
2017-09-18 16:00,0.351,0.030,0,0,0,0,v
2017-09-18 16:06,0.318,0.023,0,0,0,0,v
2017-09-18 16:12,0.348,0.023,0,0,0,0,v
2017-09-18 16:18,0.308,0.013,0,0,0,0,v
2017-09-18 16:24,0.354,0.010,0,0,0,0,v
2017-09-18 16:30,0.305,0.016,0,0,0,0,v
2017-09-18 16:36,0.289,0.016,0,0,0,0,v
2017-09-18 16:42,0.292,0.020,0,0,0,0,v
2017-09-18 16:48,0.302,0.013,0,0,0,0,v
2017-09-18 16:54,0.292,0.043,0,0,0,0,v
2017-09-18 17:00,0.279,0.039,0,0,0,0,v
2017-09-18 17:06,0.302,0.026,0,0,0,0,v
2017-09-18 17:12,0.299,0.030,0,0,0,0,v
2017-09-18 17:18,0.302,0.020,0,0,0,0,v
2017-09-18 17:24,0.335,0.016,0,0,0,0,v
2017-09-18 17:30,0.331,0.039,0,0,0,0,v
2017-09-18 17:36,0.302,0.023,0,0,0,0,v
2017-09-18 17:42,0.387,0.026,0,0,0,0,v
2017-09-18 17:48,0.328,0.033,0,0,0,0,v
2017-09-18 17:54,0.453,0.023,0,0,0,0,v
2017-09-18 18:00,0.374,0.026,0,0,0,0,v
2017-09-18 18:06,0.453,0.020,0,0,0,0,v
2017-09-18 18:12,0.479,0.039,0,0,0,0,v
2017-09-18 18:18,0.476,0.020,0,0,0,0,v
2017-09-18 18:24,0.564,0.016,0,0,0,0,v
2017-09-18 18:30,0.561,0.016,0,0,0,0,v
2017-09-18 18:36,0.587,0.023,0,0,0,0,v
2017-09-18 18:42,0.636,0.026,0,0,0,0,v
2017-09-18 18:48,0.682,0.030,0,0,0,0,v
2017-09-18 18:54,0.741,0.020,0,0,0,0,v
2017-09-18 19:00,0.748,0.046,0,0,0,0,v
2017-09-18 19:06,0.748,0.043,0,0,0,0,v
2017-09-18 19:12,0.830,0.020,0,0,0,0,v
2017-09-18 19:18,0.850,0.026,0,0,0,0,v
2017-09-18 19:24,0.896,0.043,0,0,0,0,v
2017-09-18 19:30,0.899,0.016,0,0,0,0,v
2017-09-18 19:36,1.004,0.046,0,0,0,0,v
2017-09-18 19:42,0.981,0.026,0,0,0,0,v
2017-09-18 19:48,1.099,0.023,0,0,0,0,v
2017-09-18 19:54,1.076,0.030,0,0,0,0,v
2017-09-18 20:00,1.142,0.030,0,0,0,0,v
2017-09-18 20:06,1.168,0.033,0,0,0,0,v
2017-09-18 20:12,1.194,0.033,0,0,0,0,v
2017-09-18 20:18,1.253,0.026,0,0,0,0,v
2017-09-18 20:24,1.289,0.039,0,0,0,0,v
2017-09-18 20:30,1.302,0.049,0,0,0,0,v
2017-09-18 20:36,1.339,0.026,0,0,0,0,v
2017-09-18 20:42,1.404,0.026,0,0,0,0,v
2017-09-18 20:48,1.411,0.023,0,0,0,0,v
2017-09-18 20:54,1.450,0.023,0,0,0,0,v
2017-09-18 21:00,1.467,0.033,0,0,0,0,v
2017-09-18 21:06,1.480,0.016,0,0,0,0,v
2017-09-18 21:12,1.526,0.030,0,0,0,0,v
2017-09-18 21:18,1.562,0.026,0,0,0,0,v
2017-09-18 21:24,1.572,0.023,0,0,0,0,v
2017-09-18 21:30,1.654,0.033,0,0,0,0,v
2017-09-18 21:36,1.657,0.036,0,0,0,0,v
2017-09-18 21:42,1.670,0.030,0,0,0,0,v
2017-09-18 21:48,1.670,0.033,0,0,0,0,v
2017-09-18 21:54,1.722,0.020,0,0,0,0,v
2017-09-18 22:00,1.759,0.059,0,0,0,0,v
2017-09-18 22:06,1.739,0.023,0,0,0,0,v
2017-09-18 22:12,1.808,0.023,0,0,0,0,v
2017-09-18 22:18,1.831,0.039,0,0,0,0,v
2017-09-18 22:24,1.808,0.023,0,0,0,0,v
2017-09-18 22:30,1.834,0.016,0,0,0,0,v
2017-09-18 22:36,1.841,0.026,0,0,0,0,v
2017-09-18 22:42,1.893,0.023,0,0,0,0,v
2017-09-18 22:48,1.857,0.026,0,0,0,0,v
2017-09-18 22:54,1.929,0.020,0,0,0,0,v
2017-09-18 23:00,1.913,0.036,0,0,0,0,v
2017-09-18 23:06,1.952,0.023,0,0,0,0,v
2017-09-18 23:12,1.932,0.023,0,0,0,0,v
2017-09-18 23:18,1.962,0.026,0,0,0,0,v
2017-09-18 23:24,1.978,0.030,0,0,0,0,v
2017-09-18 23:30,1.988,0.026,0,0,0,0,v
2017-09-18 23:36,1.985,0.020,0,0,0,0,v
2017-09-18 23:42,1.972,0.046,0,0,0,0,v
2017-09-18 23:48,2.011,0.026,0,0,0,0,v
2017-09-18 23:54,2.028,0.049,0,0,0,0,v
2017-09-19 00:00,1.995,0.026,0,0,0,0,v
2017-09-19 00:06,2.028,0.020,0,0,0,0,v
2017-09-19 00:12,1.998,0.026,0,0,0,0,v
2017-09-19 00:18,1.909,0.043,0,0,0,0,v
2017-09-19 00:24,2.011,0.039,0,0,0,0,v
2017-09-19 00:30,1.916,0.026,0,0,0,0,v
2017-09-19 00:36,1.932,0.043,0,0,0,0,v
2017-09-19 00:42,1.942,0.039,0,0,0,0,v
2017-09-19 00:48,1.860,0.043,0,0,0,0,v
2017-09-19 00:54,1.900,0.030,0,0,0,0,v
2017-09-19 01:00,1.867,0.020,0,0,0,0,v
2017-09-19 01:06,1.818,0.036,0,0,0,0,v
2017-09-19 01:12,1.785,0.026,0,0,0,0,v
2017-09-19 01:18,1.781,0.020,0,0,0,0,v
2017-09-19 01:24,1.726,0.039,0,0,0,0,v
2017-09-19 01:30,1.742,0.020,0,0,0,0,v
2017-09-19 01:36,1.693,0.026,0,0,0,0,v
2017-09-19 01:42,1.683,0.023,0,0,0,0,v
2017-09-19 01:48,1.608,0.026,0,0,0,0,v
2017-09-19 01:54,1.578,0.043,0,0,0,0,v
2017-09-19 02:00,1.624,0.020,0,0,0,0,v
2017-09-19 02:06,1.512,0.036,0,0,0,0,v
2017-09-19 02:12,1.532,0.039,0,0,0,0,v
2017-09-19 02:18,1.490,0.030,0,0,0,0,v
2017-09-19 02:24,1.473,0.036,0,0,0,0,v
2017-09-19 02:30,1.450,0.046,0,0,0,0,v
2017-09-19 02:36,1.398,0.023,0,0,0,0,v
2017-09-19 02:42,1.430,0.020,0,0,0,0,v
2017-09-19 02:48,1.316,0.052,0,0,0,0,v
2017-09-19 02:54,1.362,0.016,0,0,0,0,v
2017-09-19 03:00,1.260,0.016,0,0,0,0,v
2017-09-19 03:06,1.316,0.020,0,0,0,0,v
2017-09-19 03:12,1.207,0.020,0,0,0,0,v
2017-09-19 03:18,1.217,0.020,0,0,0,0,v
2017-09-19 03:24,1.152,0.023,0,0,0,0,v
2017-09-19 03:30,1.129,0.026,0,0,0,0,v
2017-09-19 03:36,1.086,0.059,0,0,0,0,v
2017-09-19 03:42,1.060,0.023,0,0,0,0,v
2017-09-19 03:48,1.007,0.033,0,0,0,0,v
2017-09-19 03:54,0.942,0.023,0,0,0,0,v
2017-09-19 04:00,0.915,0.033,0,0,0,0,v
2017-09-19 04:06,0.919,0.016,0,0,0,0,v
2017-09-19 04:12,0.866,0.013,0,0,0,0,v
2017-09-19 04:18,0.853,0.030,0,0,0,0,v
2017-09-19 04:24,0.810,0.033,0,0,0,0,v
2017-09-19 04:30,0.787,0.026,0,0,0,0,v
2017-09-19 04:36,0.787,0.023,0,0,0,0,v
2017-09-19 04:42,0.771,0.026,0,0,0,0,v
2017-09-19 04:48,0.741,0.023,0,0,0,0,v
2017-09-19 04:54,0.696,0.023,0,0,0,0,v
2017-09-19 05:00,0.791,0.036,0,0,0,0,v
2017-09-19 05:06,0.699,0.026,0,0,0,0,v
2017-09-19 05:12,0.722,0.023,0,0,0,0,v
2017-09-19 05:18,0.686,0.023,0,0,0,0,v
2017-09-19 05:24,0.719,0.023,0,0,0,0,v
2017-09-19 05:30,0.705,0.016,0,0,0,0,v
2017-09-19 05:36,0.659,0.030,0,0,0,0,v
2017-09-19 05:42,0.725,0.013,0,0,0,0,v
2017-09-19 05:48,0.705,0.020,0,0,0,0,v
2017-09-19 05:54,0.676,0.026,0,0,0,0,v
2017-09-19 06:00,0.705,0.023,0,0,0,0,v
2017-09-19 06:06,0.686,0.026,0,0,0,0,v
2017-09-19 06:12,0.692,0.033,0,0,0,0,v
2017-09-19 06:18,0.712,0.026,0,0,0,0,v
2017-09-19 06:24,0.735,0.020,0,0,0,0,v
2017-09-19 06:30,0.732,0.033,0,0,0,0,v
2017-09-19 06:36,0.761,0.013,0,0,0,0,v
2017-09-19 06:42,0.807,0.016,0,0,0,0,v
2017-09-19 06:48,0.794,0.016,0,0,0,0,v
2017-09-19 06:54,0.823,0.020,0,0,0,0,v
2017-09-19 07:00,0.837,0.030,0,0,0,0,v
2017-09-19 07:06,0.909,0.020,0,0,0,0,v
2017-09-19 07:12,0.896,0.049,0,0,0,0,v
2017-09-19 07:18,0.886,0.033,0,0,0,0,v
2017-09-19 07:24,0.978,0.043,0,0,0,0,v
2017-09-19 07:30,0.942,0.016,0,0,0,0,v
2017-09-19 07:36,1.047,0.023,0,0,0,0,v
2017-09-19 07:42,1.010,0.033,0,0,0,0,v
2017-09-19 07:48,1.070,0.026,0,0,0,0,v
2017-09-19 07:54,1.086,0.016,0,0,0,0,v
2017-09-19 08:00,1.070,0.016,0,0,0,0,v
2017-09-19 08:06,1.152,0.023,0,0,0,0,v
2017-09-19 08:12,1.171,0.052,0,0,0,0,v
2017-09-19 08:18,1.155,0.030,0,0,0,0,v
2017-09-19 08:24,1.220,0.020,0,0,0,0,v
2017-09-19 08:30,1.243,0.016,0,0,0,0,v
2017-09-19 08:36,1.250,0.013,0,0,0,0,v
2017-09-19 08:42,1.319,0.013,0,0,0,0,v
2017-09-19 08:48,1.312,0.016,0,0,0,0,v
2017-09-19 08:54,1.355,0.036,0,0,0,0,v
2017-09-19 09:00,1.371,0.023,0,0,0,0,v
2017-09-19 09:06,1.388,0.020,0,0,0,0,v
2017-09-19 09:12,1.411,0.020,0,0,0,0,v
2017-09-19 09:18,1.453,0.023,0,0,0,0,v
2017-09-19 09:24,1.473,0.010,0,0,0,0,v
2017-09-19 09:30,1.529,0.020,0,0,0,0,v
2017-09-19 09:36,1.542,0.026,0,0,0,0,v
2017-09-19 09:42,1.611,0.016,0,0,0,0,v
2017-09-19 09:48,1.617,0.023,0,0,0,0,v
2017-09-19 09:54,1.598,0.023,0,0,0,0,v
2017-09-19 10:00,1.667,0.033,0,0,0,0,v
2017-09-19 10:06,1.663,0.033,0,0,0,0,v
2017-09-19 10:12,1.696,0.023,0,0,0,0,v
2017-09-19 10:18,1.736,0.013,0,0,0,0,v
2017-09-19 10:24,1.716,0.013,0,0,0,0,v
2017-09-19 10:30,1.765,0.036,0,0,0,0,v
2017-09-19 10:36,1.788,0.033,0,0,0,0,v
2017-09-19 10:42,1.759,0.033,0,0,0,0,v
2017-09-19 10:48,1.850,0.030,0,0,0,0,v
2017-09-19 10:54,1.818,0.023,0,0,0,0,v
2017-09-19 11:00,1.818,0.026,0,0,0,0,v
2017-09-19 11:06,1.864,0.020,0,0,0,0,v
2017-09-19 11:12,1.831,0.020,0,0,0,0,v
2017-09-19 11:18,1.883,0.016,0,0,0,0,v
2017-09-19 11:24,1.818,0.030,0,0,0,0,v
2017-09-19 11:30,1.913,0.043,0,0,0,0,v
2017-09-19 11:36,1.850,0.033,0,0,0,0,v
2017-09-19 11:42,1.847,0.023,0,0,0,0,v
2017-09-19 11:48,1.909,0.016,0,0,0,0,v
2017-09-19 11:54,1.831,0.039,0,0,0,0,v
2017-09-19 12:00,1.864,0.016,0,0,0,0,v
2017-09-19 12:06,1.857,0.020,0,0,0,0,v
2017-09-19 12:12,1.883,0.013,0,0,0,0,v
2017-09-19 12:18,1.844,0.020,0,0,0,0,v
2017-09-19 12:24,1.877,0.023,0,0,0,0,v
2017-09-19 12:30,1.870,0.023,0,0,0,0,v
2017-09-19 12:36,1.795,0.033,0,0,0,0,v
2017-09-19 12:42,1.850,0.043,0,0,0,0,v
2017-09-19 12:48,1.732,0.026,0,0,0,0,v
2017-09-19 12:54,1.788,0.030,0,0,0,0,v
2017-09-19 13:00,1.713,0.016,0,0,0,0,v
2017-09-19 13:06,1.713,0.036,0,0,0,0,v
2017-09-19 13:12,1.706,0.030,0,0,0,0,v
2017-09-19 13:18,1.637,0.030,0,0,0,0,v
2017-09-19 13:24,1.654,0.020,0,0,0,0,v
2017-09-19 13:30,1.598,0.020,0,0,0,0,v
2017-09-19 13:36,1.591,0.020,0,0,0,0,v
2017-09-19 13:42,1.549,0.016,0,0,0,0,v
2017-09-19 13:48,1.512,0.026,0,0,0,0,v
2017-09-19 13:54,1.503,0.020,0,0,0,0,v
2017-09-19 14:00,1.427,0.026,0,0,0,0,v
2017-09-19 14:06,1.414,0.039,0,0,0,0,v
2017-09-19 14:12,1.385,0.020,0,0,0,0,v
2017-09-19 14:18,1.316,0.056,0,0,0,0,v
2017-09-19 14:24,1.312,0.056,0,0,0,0,v
2017-09-19 14:30,1.184,0.030,0,0,0,0,v
2017-09-19 14:36,1.257,0.026,0,0,0,0,v
2017-09-19 14:42,1.125,0.036,0,0,0,0,v
2017-09-19 14:48,1.125,0.023,0,0,0,0,v
2017-09-19 14:54,1.076,0.023,0,0,0,0,v
2017-09-19 15:00,1.053,0.036,0,0,0,0,v
2017-09-19 15:06,1.007,0.023,0,0,0,0,v
2017-09-19 15:12,0.988,0.016,0,0,0,0,v
2017-09-19 15:18,0.942,0.026,0,0,0,0,v
2017-09-19 15:24,0.909,0.030,0,0,0,0,v
2017-09-19 15:30,0.892,0.020,0,0,0,0,v
2017-09-19 15:36,0.814,0.030,0,0,0,0,v
2017-09-19 15:42,0.817,0.033,0,0,0,0,v
2017-09-19 15:48,0.781,0.039,0,0,0,0,v
2017-09-19 15:54,0.705,0.049,0,0,0,0,v
2017-09-19 16:00,0.692,0.023,0,0,0,0,v
2017-09-19 16:06,0.686,0.036,0,0,0,0,v
2017-09-19 16:12,0.623,0.023,0,0,0,0,v
2017-09-19 16:18,0.663,0.023,0,0,0,0,v
2017-09-19 16:24,0.604,0.020,0,0,0,0,v
2017-09-19 16:30,0.568,0.023,0,0,0,0,v
2017-09-19 16:36,0.535,0.039,0,0,0,0,v
2017-09-19 16:42,0.564,0.039,0,0,0,0,v
2017-09-19 16:48,0.482,0.033,0,0,0,0,v
2017-09-19 16:54,0.561,0.030,0,0,0,0,v
2017-09-19 17:00,0.459,0.056,0,0,0,0,v
2017-09-19 17:06,0.482,0.033,0,0,0,0,v
2017-09-19 17:12,0.459,0.033,0,0,0,0,v
2017-09-19 17:18,0.449,0.026,0,0,0,0,v
2017-09-19 17:24,0.427,0.052,0,0,0,0,v
2017-09-19 17:30,0.486,0.043,0,0,0,0,v
2017-09-19 17:36,0.371,0.039,0,0,0,0,v
2017-09-19 17:42,0.433,0.052,0,0,0,0,v
2017-09-19 17:48,0.410,0.049,0,0,0,0,v
2017-09-19 17:54,0.404,0.033,0,0,0,0,v
2017-09-19 18:00,0.387,0.020,0,0,0,0,v
2017-09-19 18:06,0.456,0.039,0,0,0,0,v
2017-09-19 18:12,0.381,0.020,0,0,0,0,v
2017-09-19 18:18,0.502,0.016,0,0,0,0,v
2017-09-19 18:24,0.361,0.036,0,0,0,0,v
2017-09-19 18:30,0.463,0.043,0,0,0,0,v
2017-09-19 18:36,0.466,0.062,0,0,0,0,v
2017-09-19 18:42,0.469,0.056,0,0,0,0,v
2017-09-19 18:48,0.472,0.033,0,0,0,0,v
2017-09-19 18:54,0.482,0.052,0,0,0,0,v
2017-09-19 19:00,0.512,0.036,0,0,0,0,v
2017-09-19 19:06,0.587,0.052,0,0,0,0,v
2017-09-19 19:12,0.522,0.036,0,0,0,0,v
2017-09-19 19:18,0.558,0.030,0,0,0,0,v
2017-09-19 19:24,0.574,0.066,0,0,0,0,v
2017-09-19 19:30,0.650,0.069,0,0,0,0,v
2017-09-19 19:36,0.705,0.043,0,0,0,0,v
2017-09-19 19:42,0.666,0.030,0,0,0,0,v
2017-09-19 19:48,0.656,0.030,0,0,0,0,v
2017-09-19 19:54,0.791,0.043,0,0,0,0,v
2017-09-19 20:00,0.768,0.030,0,0,0,0,v
2017-09-19 20:06,0.850,0.030,0,0,0,0,v
2017-09-19 20:12,0.869,0.030,0,0,0,0,v
2017-09-19 20:18,0.909,0.039,0,0,0,0,v
2017-09-19 20:24,0.866,0.043,0,0,0,0,v
2017-09-19 20:30,0.981,0.062,0,0,0,0,v
2017-09-19 20:36,1.043,0.072,0,0,0,0,v
2017-09-19 20:42,1.007,0.069,0,0,0,0,v
2017-09-19 20:48,1.070,0.046,0,0,0,0,v
2017-09-19 20:54,1.155,0.023,0,0,0,0,v
2017-09-19 21:00,1.158,0.033,0,0,0,0,v
2017-09-19 21:06,1.191,0.043,0,0,0,0,v
2017-09-19 21:12,1.214,0.036,0,0,0,0,v
2017-09-19 21:18,1.234,0.026,0,0,0,0,v
2017-09-19 21:24,1.342,0.039,0,0,0,0,v
2017-09-19 21:30,1.293,0.069,0,0,0,0,v
2017-09-19 21:36,1.381,0.039,0,0,0,0,v
2017-09-19 21:42,1.394,0.062,0,0,0,0,v
2017-09-19 21:48,1.414,0.062,0,0,0,0,v
2017-09-19 21:54,1.476,0.036,0,0,0,0,v
2017-09-19 22:00,1.483,0.036,0,0,0,0,v
2017-09-19 22:06,1.503,0.039,0,0,0,0,v
2017-09-19 22:12,1.539,0.056,0,0,0,0,v
2017-09-19 22:18,1.634,0.062,0,0,0,0,v
2017-09-19 22:24,1.512,0.049,0,0,0,0,v
2017-09-19 22:30,1.706,0.036,0,0,0,0,v
2017-09-19 22:36,1.647,0.036,0,0,0,0,v
2017-09-19 22:42,1.660,0.030,0,0,0,0,v
2017-09-19 22:48,1.749,0.026,0,0,0,0,v
2017-09-19 22:54,1.644,0.033,0,0,0,0,v
2017-09-19 23:00,1.729,0.043,0,0,0,0,v
2017-09-19 23:06,1.801,0.039,0,0,0,0,v
2017-09-19 23:12,1.811,0.033,0,0,0,0,v
2017-09-19 23:18,1.877,0.033,0,0,0,0,v
2017-09-19 23:24,1.867,0.056,0,0,0,0,v
2017-09-19 23:30,1.857,0.039,0,0,0,0,v
2017-09-19 23:36,1.827,0.036,0,0,0,0,v
2017-09-19 23:42,1.864,0.033,0,0,0,0,v
2017-09-19 23:48,1.949,0.026,0,0,0,0,v
2017-09-19 23:54,1.880,0.062,0,0,0,0,v
2017-09-20 00:00,1.936,0.026,0,0,0,0,v
2017-09-20 00:06,1.939,0.066,0,0,0,0,v
2017-09-20 00:12,1.886,0.043,0,0,0,0,v
2017-09-20 00:18,1.913,0.036,0,0,0,0,v
2017-09-20 00:24,1.932,0.030,0,0,0,0,v
2017-09-20 00:30,1.942,0.030,0,0,0,0,v
2017-09-20 00:36,1.919,0.052,0,0,0,0,v
2017-09-20 00:42,1.867,0.079,0,0,0,0,v
2017-09-20 00:48,1.936,0.039,0,0,0,0,v
2017-09-20 00:54,1.900,0.023,0,0,0,0,v
2017-09-20 01:00,2.001,0.046,0,0,0,0,v
2017-09-20 01:06,1.916,0.062,0,0,0,0,v
2017-09-20 01:12,1.965,0.049,0,0,0,0,v
2017-09-20 01:18,1.903,0.036,0,0,0,0,v
2017-09-20 01:24,1.919,0.052,0,0,0,0,v
2017-09-20 01:30,1.883,0.062,0,0,0,0,v
2017-09-20 01:36,1.847,0.059,0,0,0,0,v
2017-09-20 01:42,1.841,0.026,0,0,0,0,v
2017-09-20 01:48,1.837,0.036,0,0,0,0,v
2017-09-20 01:54,1.752,0.030,0,0,0,0,v
2017-09-20 02:00,1.729,0.049,0,0,0,0,v
2017-09-20 02:06,1.719,0.020,0,0,0,0,v
2017-09-20 02:12,1.575,0.030,0,0,0,0,v
2017-09-20 02:18,1.663,0.039,0,0,0,0,v
2017-09-20 02:24,1.604,0.026,0,0,0,0,v
2017-09-20 02:30,1.565,0.043,0,0,0,0,v
2017-09-20 02:36,1.585,0.062,0,0,0,0,v
2017-09-20 02:42,1.499,0.039,0,0,0,0,v
2017-09-20 02:48,1.421,0.046,0,0,0,0,v
2017-09-20 02:54,1.407,0.030,0,0,0,0,v
2017-09-20 03:00,1.430,0.062,0,0,0,0,v
2017-09-20 03:06,1.306,0.043,0,0,0,0,v
2017-09-20 03:12,1.404,0.033,0,0,0,0,v
2017-09-20 03:18,1.240,0.033,0,0,0,0,v
2017-09-20 03:24,1.293,0.049,0,0,0,0,v
2017-09-20 03:30,1.247,0.049,0,0,0,0,v
2017-09-20 03:36,1.194,0.030,0,0,0,0,v
2017-09-20 03:42,1.178,0.036,0,0,0,0,v
2017-09-20 03:48,1.102,0.033,0,0,0,0,v
2017-09-20 03:54,1.119,0.052,0,0,0,0,v
2017-09-20 04:00,1.066,0.033,0,0,0,0,v
2017-09-20 04:06,1.106,0.052,0,0,0,0,v
2017-09-20 04:12,0.997,0.043,0,0,0,0,v
2017-09-20 04:18,1.027,0.069,0,0,0,0,v
2017-09-20 04:24,1.010,0.066,0,0,0,0,v
2017-09-20 04:30,0.984,0.036,0,0,0,0,v
2017-09-20 04:36,0.935,0.059,0,0,0,0,v
2017-09-20 04:42,0.869,0.075,0,0,0,0,v
2017-09-20 04:48,0.853,0.072,0,0,0,0,v
2017-09-20 04:54,0.899,0.059,0,0,0,0,v
2017-09-20 05:00,0.876,0.082,0,0,0,0,v
2017-09-20 05:06,0.764,0.062,0,0,0,0,v
2017-09-20 05:12,0.728,0.033,0,0,0,0,v
2017-09-20 05:18,0.735,0.069,0,0,0,0,v
2017-09-20 05:24,0.650,0.066,0,0,0,0,v
2017-09-20 05:30,0.761,0.036,0,0,0,0,v
2017-09-20 05:36,0.659,0.030,0,0,0,0,v
2017-09-20 05:42,0.702,0.043,0,0,0,0,v
2017-09-20 05:48,0.715,0.026,0,0,0,0,v
2017-09-20 05:54,0.584,0.056,0,0,0,0,v
2017-09-20 06:00,0.636,0.039,0,0,0,0,v
2017-09-20 06:06,0.554,0.046,0,0,0,0,v
2017-09-20 06:12,0.561,0.056,0,0,0,0,v
2017-09-20 06:18,0.623,0.049,0,0,0,0,v
2017-09-20 06:24,0.459,0.056,0,0,0,0,v
2017-09-20 06:30,0.653,0.026,0,0,0,0,v
2017-09-20 06:36,0.502,0.049,0,0,0,0,v
2017-09-20 06:42,0.561,0.072,0,0,0,0,v
2017-09-20 06:48,0.650,0.043,0,0,0,0,v
2017-09-20 06:54,0.522,0.036,0,0,0,0,v
2017-09-20 07:00,0.551,0.069,0,0,0,0,v
2017-09-20 07:06,0.604,0.043,0,0,0,0,v
2017-09-20 07:12,0.614,0.023,0,0,0,0,v
2017-09-20 07:18,0.633,0.082,0,0,0,0,v
2017-09-20 07:24,0.699,0.085,0,0,0,0,v
2017-09-20 07:30,0.689,0.098,0,0,0,0,v
2017-09-20 07:36,0.725,0.069,0,0,0,0,v
2017-09-20 07:42,0.860,0.036,0,0,0,0,v
2017-09-20 07:48,0.669,0.046,0,0,0,0,v
2017-09-20 07:54,0.869,0.059,0,0,0,0,v
2017-09-20 08:00,0.823,0.079,0,0,0,0,v
2017-09-20 08:06,0.810,0.082,0,0,0,0,v
2017-09-20 08:12,0.896,0.059,0,0,0,0,v
2017-09-20 08:18,0.886,0.108,0,0,0,0,v
2017-09-20 08:24,1.112,0.079,0,0,0,0,v
2017-09-20 08:30,1.073,0.066,0,0,0,0,v
2017-09-20 08:36,1.070,0.059,0,0,0,0,v
2017-09-20 08:42,1.112,0.085,0,0,0,0,v
2017-09-20 08:48,1.214,0.052,0,0,0,0,v
2017-09-20 08:54,1.188,0.036,0,0,0,0,v
2017-09-20 09:00,1.289,0.049,0,0,0,0,v
2017-09-20 09:06,1.260,0.056,0,0,0,0,v
2017-09-20 09:12,1.375,0.059,0,0,0,0,v
2017-09-20 09:18,1.516,0.059,0,0,0,0,v
2017-09-20 09:24,1.506,0.098,0,0,0,0,v
2017-09-20 09:30,1.529,0.043,0,0,0,0,v
2017-09-20 09:36,1.581,0.049,0,0,0,0,v
2017-09-20 09:42,1.647,0.095,0,0,0,0,v
2017-09-20 09:48,1.647,0.059,0,0,0,0,v
2017-09-20 09:54,1.768,0.046,0,0,0,0,v
2017-09-20 10:00,1.814,0.072,0,0,0,0,v
2017-09-20 10:06,1.798,0.052,0,0,0,0,v
2017-09-20 10:12,1.916,0.052,0,0,0,0,v
2017-09-20 10:18,1.965,0.095,0,0,0,0,v
2017-09-20 10:24,2.067,0.089,0,0,0,0,v
2017-09-20 10:30,2.116,0.105,0,0,0,0,v
2017-09-20 10:36,2.149,0.079,0,0,0,0,v
2017-09-20 10:42,2.136,0.138,0,0,0,0,v
2017-09-20 10:48,2.349,0.066,0,0,0,0,v
2017-09-20 10:54,2.060,0.082,0,0,0,0,v
2017-09-20 11:00,2.323,0.194,0,0,1,0,v
2017-09-20 11:06,2.306,0.062,0,0,1,0,v
2017-09-20 11:12,2.343,0.112,0,0,0,0,v
2017-09-20 11:18,2.546,0.052,0,0,0,0,v
2017-09-20 11:24,2.520,0.075,0,0,0,0,v
2017-09-20 11:30,2.513,0.043,0,0,0,0,v
2017-09-20 11:36,2.602,0.059,0,0,0,0,v
2017-09-20 11:42,2.638,0.059,0,0,0,0,v
2017-09-20 11:48,2.625,0.098,0,0,0,0,v
2017-09-20 11:54,2.730,0.121,0,0,0,0,v
2017-09-20 12:00,2.844,0.079,0,0,0,0,v
2017-09-20 12:06,2.625,0.128,0,0,0,0,v
2017-09-20 12:12,2.749,0.174,0,0,0,0,v
2017-09-20 12:18,2.822,0.154,0,0,0,0,v
2017-09-20 12:24,3.018,0.194,0,0,0,0,v
2017-09-20 12:30,2.887,0.095,0,0,0,0,v
2017-09-20 12:36,3.048,0.098,0,0,0,0,v
2017-09-20 12:42,3.041,0.174,0,0,0,0,v
2017-09-20 12:48,3.077,0.092,0,0,0,0,v
2017-09-20 12:54,2.956,0.095,0,0,0,0,v
2017-09-20 13:00,2.999,0.059,0,0,0,0,v
2017-09-20 13:06,3.104,0.089,0,0,0,0,v
2017-09-20 13:12,3.127,0.075,0,0,0,0,v
2017-09-20 13:18,3.015,0.243,0,0,0,0,v
2017-09-20 13:24,3.159,0.089,0,0,0,0,v
2017-09-20 13:30,3.323,0.075,0,0,0,0,v
2017-09-20 13:36,3.127,0.217,0,0,0,0,v
2017-09-20 13:42,3.415,0.177,0,0,1,0,v
2017-09-20 13:48,3.186,0.112,0,0,1,0,v
2017-09-20 13:54,3.228,0.135,0,0,0,0,v
2017-09-20 14:00,3.159,0.085,0,0,0,0,v
2017-09-20 14:06,3.291,0.157,0,0,0,0,v
2017-09-20 14:12,3.419,0.112,0,0,0,0,v
2017-09-20 14:18,3.442,0.148,0,0,0,0,v
2017-09-20 14:24,3.114,0.108,0,0,0,0,v
2017-09-20 14:30,3.330,0.131,0,0,1,0,v
2017-09-20 14:36,3.182,0.085,0,0,1,0,v
2017-09-20 14:42,3.219,0.148,0,0,0,0,v
2017-09-20 14:48,3.156,0.062,0,0,0,0,v
2017-09-20 14:54,3.100,0.095,0,0,0,0,v
2017-09-20 15:00,3.061,0.125,0,0,0,0,v
2017-09-20 15:06,3.087,0.079,0,0,0,0,v
2017-09-20 15:12,3.140,0.213,0,0,0,0,v
2017-09-20 15:18,3.136,0.141,0,0,0,0,v
2017-09-20 15:24,3.120,0.095,0,0,0,0,v
2017-09-20 15:30,3.196,0.108,0,0,0,0,v
2017-09-20 15:36,2.831,0.089,0,0,0,0,v
2017-09-20 15:42,3.110,0.187,0,0,1,0,v
2017-09-20 15:48,3.015,0.115,0,0,1,0,v
2017-09-20 15:54,2.789,0.184,0,0,0,0,v
2017-09-20 16:00,2.946,0.135,0,0,0,0,v
2017-09-20 16:06,2.772,0.289,0,0,0,0,v
2017-09-20 16:12,2.864,0.118,0,0,0,0,v
2017-09-20 16:18,2.753,0.177,0,0,0,0,v
2017-09-20 16:24,2.680,0.148,0,0,0,0,v
2017-09-20 16:30,2.671,0.105,0,0,0,0,v
2017-09-20 16:36,2.589,0.069,0,0,0,0,v
2017-09-20 16:42,2.615,0.135,0,0,0,0,v
2017-09-20 16:48,2.625,0.115,0,0,0,0,v
2017-09-20 16:54,2.657,0.128,0,0,0,0,v
2017-09-20 17:00,2.713,0.112,0,0,0,0,v
2017-09-20 17:06,2.539,0.062,0,0,0,0,v
2017-09-20 17:12,2.615,0.072,0,0,0,0,v
2017-09-20 17:18,2.687,0.075,0,0,0,0,v
2017-09-20 17:24,2.753,0.108,0,0,0,0,v
2017-09-20 17:30,2.713,0.000,1,0,0,0,v
2017-09-20 17:36,2.674,0.000,0,0,0,0,v
2017-09-20 17:42,2.556,0.112,0,0,0,0,v
2017-09-20 17:48,2.556,0.115,0,0,0,0,v
2017-09-20 17:54,2.510,0.135,0,0,0,0,v
2017-09-20 18:00,2.631,0.075,0,0,0,0,v
2017-09-20 18:06,2.585,0.062,0,0,0,0,v
2017-09-20 18:12,2.198,0.108,0,0,0,0,v
2017-09-20 18:18,1.873,0.033,0,0,0,0,v
2017-09-20 18:24,1.824,0.105,0,0,0,0,v
2017-09-20 18:30,1.693,0.082,0,0,0,0,v
2017-09-20 18:36,1.765,0.151,0,0,0,0,v
2017-09-20 18:42,1.749,0.177,0,0,0,0,v
2017-09-20 18:48,1.532,0.056,0,0,0,0,v
2017-09-20 18:54,1.598,0.098,0,0,0,0,v
2017-09-20 19:00,1.283,0.213,0,0,0,0,v
2017-09-20 19:06,1.562,0.082,0,0,1,0,v
2017-09-20 19:12,1.391,0.056,0,0,1,0,v
2017-09-20 19:18,1.417,0.089,0,0,0,0,v
2017-09-20 19:24,1.421,0.043,0,0,0,0,v
2017-09-20 19:30,1.325,0.125,0,0,0,0,v
2017-09-20 19:36,1.365,0.069,0,0,0,0,v
2017-09-20 19:42,1.398,0.052,0,0,0,0,v
2017-09-20 19:48,1.263,0.066,0,0,0,0,v
2017-09-20 19:54,1.289,0.108,0,0,0,0,v
2017-09-20 20:00,1.230,0.082,0,0,0,0,v
2017-09-20 20:06,1.394,0.043,0,0,0,0,v
2017-09-20 20:12,1.191,0.085,0,0,0,0,v
2017-09-20 20:18,1.266,0.046,0,0,0,0,v
2017-09-20 20:24,1.266,0.069,0,0,0,0,v
2017-09-20 20:30,1.430,0.052,0,0,0,0,v
2017-09-20 20:36,1.388,0.098,0,0,0,0,v
2017-09-20 20:42,1.417,0.082,0,0,0,0,v
2017-09-20 20:48,1.325,0.069,0,0,0,0,v
2017-09-20 20:54,1.237,0.072,0,0,0,0,v
2017-09-20 21:00,1.325,0.092,0,0,0,0,v
2017-09-20 21:06,1.260,0.052,0,0,0,0,v
2017-09-20 21:12,1.388,0.072,0,0,0,0,v
2017-09-20 21:18,1.401,0.075,0,0,0,0,v
2017-09-20 21:24,1.404,0.052,0,0,0,0,v
2017-09-20 21:30,1.519,0.095,0,0,0,0,v
2017-09-20 21:36,1.483,0.066,0,0,0,0,v
2017-09-20 21:42,1.450,0.036,0,0,0,0,v
2017-09-20 21:48,1.499,0.092,0,0,0,0,v
2017-09-20 21:54,1.542,0.112,0,0,0,0,v
2017-09-20 22:00,1.391,0.085,0,0,0,0,v
2017-09-20 22:06,1.660,0.082,0,0,0,0,v
2017-09-20 22:12,1.503,0.052,0,0,1,0,v
2017-09-20 22:18,1.791,0.102,0,0,1,0,v
2017-09-20 22:24,1.503,0.069,0,0,1,0,v
2017-09-20 22:30,1.604,0.135,0,0,1,0,v
2017-09-20 22:36,1.854,0.082,0,0,0,0,v
2017-09-20 22:42,1.604,0.049,0,0,0,0,v
2017-09-20 22:48,1.667,0.066,0,0,0,0,v
2017-09-20 22:54,1.729,0.062,0,0,0,0,v
2017-09-20 23:00,1.663,0.082,0,0,0,0,v
2017-09-20 23:06,1.883,0.039,0,0,0,0,v
2017-09-20 23:12,1.617,0.115,0,0,0,0,v
2017-09-20 23:18,1.752,0.128,0,0,1,0,v
2017-09-20 23:24,1.841,0.062,0,0,0,0,v
2017-09-20 23:30,1.870,0.072,0,0,0,0,v
2017-09-20 23:36,1.768,0.079,0,0,0,0,v
2017-09-20 23:42,1.857,0.062,0,0,0,0,v
2017-09-20 23:48,1.886,0.072,0,0,0,0,v
2017-09-20 23:54,2.014,0.082,0,0,0,0,v
2017-09-21 00:00,1.788,0.049,0,0,0,0,v
2017-09-21 00:06,2.041,0.036,0,0,1,0,v
2017-09-21 00:12,1.942,0.056,0,0,1,0,v
2017-09-21 00:18,1.919,0.043,0,0,0,0,v
2017-09-21 00:24,1.995,0.118,0,0,0,0,v
2017-09-21 00:30,2.028,0.043,0,0,0,0,v
2017-09-21 00:36,2.021,0.049,0,0,0,0,v
2017-09-21 00:42,2.113,0.092,0,0,0,0,v
2017-09-21 00:48,2.011,0.052,0,0,0,0,v
2017-09-21 00:54,1.883,0.062,0,0,0,0,v
2017-09-21 01:00,2.238,0.052,0,0,0,0,v
2017-09-21 01:06,2.021,0.069,0,0,1,0,v
2017-09-21 01:12,2.149,0.095,0,0,1,0,v
2017-09-21 01:18,2.001,0.039,0,0,0,0,v
2017-09-21 01:24,1.978,0.062,0,0,0,0,v
2017-09-21 01:30,2.001,0.062,0,0,0,0,v
2017-09-21 01:36,1.995,0.049,0,0,0,0,v
2017-09-21 01:42,1.962,0.102,0,0,0,0,v
2017-09-21 01:48,2.001,0.036,0,0,0,0,v
2017-09-21 01:54,1.929,0.066,0,0,0,0,v
2017-09-21 02:00,1.962,0.102,0,0,0,0,v
2017-09-21 02:06,1.896,0.062,0,0,0,0,v
2017-09-21 02:12,1.896,0.062,0,0,0,0,v
2017-09-21 02:18,1.798,0.056,0,0,0,0,v
2017-09-21 02:24,1.781,0.066,0,0,0,0,v
2017-09-21 02:30,1.827,0.115,0,0,0,0,v
2017-09-21 02:36,1.588,0.066,0,0,0,0,v
2017-09-21 02:42,1.844,0.066,0,0,0,0,v
2017-09-21 02:48,1.542,0.059,0,0,1,0,v
2017-09-21 02:54,1.680,0.066,0,0,1,0,v
2017-09-21 03:00,1.549,0.069,0,0,0,0,v
2017-09-21 03:06,1.542,0.072,0,0,0,0,v
2017-09-21 03:12,1.522,0.062,0,0,0,0,v
2017-09-21 03:18,1.483,0.052,0,0,0,0,v
2017-09-21 03:24,1.545,0.066,0,0,0,0,v
2017-09-21 03:30,1.480,0.075,0,0,0,0,v
2017-09-21 03:36,1.227,0.069,0,0,0,0,v
2017-09-21 03:42,1.348,0.066,0,0,0,0,v
2017-09-21 03:48,1.184,0.108,0,0,0,0,v
2017-09-21 03:54,1.342,0.049,0,0,0,0,v
2017-09-21 04:00,1.142,0.069,0,0,0,0,v
2017-09-21 04:06,1.148,0.095,0,0,0,0,v
2017-09-21 04:12,1.145,0.052,0,0,0,0,v
2017-09-21 04:18,1.017,0.095,0,0,0,0,v
2017-09-21 04:24,0.988,0.082,0,0,0,0,v
2017-09-21 04:30,0.889,0.089,0,0,0,0,v
2017-09-21 04:36,0.965,0.079,0,0,0,0,v
2017-09-21 04:42,0.791,0.043,0,0,0,0,v
2017-09-21 04:48,0.915,0.148,0,0,0,0,v
2017-09-21 04:54,0.722,0.105,0,0,0,0,v
2017-09-21 05:00,0.774,0.082,0,0,0,0,v
2017-09-21 05:06,0.650,0.079,0,0,0,0,v
2017-09-21 05:12,0.646,0.092,0,0,0,0,v
2017-09-21 05:18,0.640,0.062,0,0,0,0,v
2017-09-21 05:24,0.574,0.121,0,0,0,0,v
2017-09-21 05:30,0.554,0.085,0,0,0,0,v
2017-09-21 05:36,0.472,0.177,0,0,0,0,v
2017-09-21 05:42,0.495,0.075,0,0,0,0,v
2017-09-21 05:48,0.476,0.066,0,0,0,0,v
2017-09-21 05:54,0.394,0.177,0,0,0,0,v
2017-09-21 06:00,0.305,0.144,0,0,0,0,v
2017-09-21 06:06,0.469,0.066,0,0,0,0,v
2017-09-21 06:12,0.243,0.108,0,0,0,0,v
2017-09-21 06:18,0.525,0.095,0,0,1,0,v
2017-09-21 06:24,0.197,0.102,0,0,1,0,v
2017-09-21 06:30,0.243,0.082,0,0,1,0,v
2017-09-21 06:36,0.249,0.098,0,0,0,0,v
2017-09-21 06:42,0.102,0.072,0,0,0,0,v
2017-09-21 06:48,0.092,0.092,0,0,0,0,v
2017-09-21 06:54,0.033,0.085,0,0,0,0,v
2017-09-21 07:00,0.174,0.098,0,0,0,0,v
2017-09-21 07:06,0.164,0.118,0,0,0,0,v
2017-09-21 07:12,0.066,0.092,0,0,0,0,v
2017-09-21 07:18,0.118,0.089,0,0,0,0,v
2017-09-21 07:24,-0.003,0.148,0,0,0,0,v
2017-09-21 07:30,0.089,0.148,0,0,0,0,v
2017-09-21 07:36,-0.085,0.089,0,0,0,0,v
2017-09-21 07:42,0.102,0.125,0,0,0,0,v
2017-09-21 07:48,0.141,0.089,0,0,0,0,v
2017-09-21 07:54,0.118,0.075,0,0,0,0,v
2017-09-21 08:00,0.033,0.075,0,0,0,0,v
2017-09-21 08:06,0.039,0.144,0,0,0,0,v
2017-09-21 08:12,0.121,0.079,0,0,0,0,v
2017-09-21 08:18,0.105,0.141,0,0,0,0,v
2017-09-21 08:24,0.217,0.131,0,0,0,0,v
2017-09-21 08:30,0.164,0.089,0,0,0,0,v
2017-09-21 08:36,0.230,0.164,0,0,0,0,v
2017-09-21 08:42,0.180,0.154,0,0,0,0,v
2017-09-21 08:48,0.276,0.075,0,0,0,0,v
2017-09-21 08:54,0.236,0.092,0,0,0,0,v
2017-09-21 09:00,0.295,0.112,0,0,0,0,v
2017-09-21 09:06,0.322,0.164,0,0,0,0,v
2017-09-21 09:12,0.312,0.089,0,0,0,0,v
2017-09-21 09:18,0.367,0.082,0,0,0,0,v
2017-09-21 09:24,0.374,0.082,0,0,0,0,v
2017-09-21 09:30,0.361,0.138,0,0,0,0,v
2017-09-21 09:36,0.495,0.095,0,0,0,0,v
2017-09-21 09:42,0.456,0.230,0,0,0,0,v
2017-09-21 09:48,0.440,0.082,0,0,0,0,v
2017-09-21 09:54,0.682,0.157,0,0,0,0,v
2017-09-21 10:00,0.581,0.148,0,0,0,0,v
2017-09-21 10:06,0.636,0.151,0,0,0,0,v
2017-09-21 10:12,0.689,0.154,0,0,0,0,v
2017-09-21 10:18,0.692,0.105,0,0,0,0,v
2017-09-21 10:24,0.745,0.131,0,0,0,0,v
2017-09-21 10:30,0.814,0.135,0,0,0,0,v
2017-09-21 10:36,0.797,0.105,0,0,0,0,v
2017-09-21 10:42,0.778,0.105,0,0,0,0,v
2017-09-21 10:48,0.922,0.108,0,0,0,0,v
2017-09-21 10:54,0.925,0.180,0,0,0,0,v
2017-09-21 11:00,0.837,0.148,0,0,0,0,v
2017-09-21 11:06,0.971,0.112,0,0,0,0,v
2017-09-21 11:12,1.063,0.135,0,0,0,0,v
2017-09-21 11:18,1.073,0.131,0,0,0,0,v
2017-09-21 11:24,1.161,0.066,0,0,0,0,v
2017-09-21 11:30,1.184,0.092,0,0,0,0,v
2017-09-21 11:36,1.362,0.108,0,0,0,0,v
2017-09-21 11:42,1.352,0.115,0,0,0,0,v
2017-09-21 11:48,1.496,0.062,0,0,0,0,v
2017-09-21 11:54,1.496,0.102,0,0,0,0,v
2017-09-21 12:00,1.506,0.236,0,0,0,0,v
2017-09-21 12:06,1.568,0.105,0,0,0,0,v
2017-09-21 12:12,1.512,0.089,0,0,0,0,v
2017-09-21 12:18,1.673,0.092,0,0,0,0,v
2017-09-21 12:24,1.722,0.105,0,0,0,0,v
2017-09-21 12:30,1.791,0.075,0,0,0,0,v
2017-09-21 12:36,1.742,0.069,0,0,0,0,v
2017-09-21 12:42,1.765,0.082,0,0,0,0,v
2017-09-21 12:48,1.742,0.085,0,0,0,0,v
2017-09-21 12:54,1.686,0.095,0,0,0,0,v
2017-09-21 13:00,1.864,0.072,0,0,0,0,v
2017-09-21 13:06,1.765,0.066,0,0,0,0,v
2017-09-21 13:12,1.791,0.121,0,0,0,0,v
2017-09-21 13:18,1.742,0.148,0,0,0,0,v
2017-09-21 13:24,1.726,0.108,0,0,0,0,v
2017-09-21 13:30,1.791,0.095,0,0,0,0,v
2017-09-21 13:36,1.673,0.141,0,0,0,0,v
2017-09-21 13:42,1.726,0.226,0,0,0,0,v
2017-09-21 13:48,1.824,0.092,0,0,0,0,v
2017-09-21 13:54,1.778,0.089,0,0,0,0,v
2017-09-21 14:00,1.775,0.095,0,0,0,0,v
2017-09-21 14:06,1.755,0.089,0,0,0,0,v
2017-09-21 14:12,1.955,0.072,0,0,0,0,v
2017-09-21 14:18,1.739,0.049,0,0,0,0,v
2017-09-21 14:24,1.877,0.125,0,0,0,0,v
2017-09-21 14:30,1.834,0.069,0,0,0,0,v
2017-09-21 14:36,1.627,0.115,0,0,0,0,v
2017-09-21 14:42,1.762,0.157,0,0,0,0,v
2017-09-21 14:48,1.716,0.148,0,0,0,0,v
2017-09-21 14:54,1.759,0.072,0,0,0,0,v
2017-09-21 15:00,1.785,0.085,0,0,0,0,v
2017-09-21 15:06,1.647,0.069,0,0,0,0,v
2017-09-21 15:12,1.680,0.079,0,0,0,0,v
2017-09-21 15:18,1.558,0.128,0,0,0,0,v
2017-09-21 15:24,1.660,0.092,0,0,0,0,v
2017-09-21 15:30,1.499,0.115,0,0,0,0,v
2017-09-21 15:36,1.657,0.105,0,0,0,0,v
2017-09-21 15:42,1.621,0.184,0,0,0,0,v
2017-09-21 15:48,1.486,0.079,0,0,0,0,v
2017-09-21 15:54,1.568,0.194,0,0,0,0,v
2017-09-21 16:00,1.529,0.049,0,0,0,0,v
2017-09-21 16:06,1.444,0.108,0,0,0,0,v
2017-09-21 16:12,1.450,0.085,0,0,0,0,v
2017-09-21 16:18,1.430,0.098,0,0,0,0,v
2017-09-21 16:24,1.532,0.138,0,0,0,0,v
2017-09-21 16:30,1.378,0.089,0,0,0,0,v
2017-09-21 16:36,1.184,0.128,0,0,0,0,v
2017-09-21 16:42,1.260,0.190,0,0,0,0,v
2017-09-21 16:48,1.280,0.066,0,0,0,0,v
2017-09-21 16:54,1.204,0.092,0,0,0,0,v
2017-09-21 17:00,1.339,0.043,0,0,0,0,v
2017-09-21 17:06,1.299,0.092,0,0,0,0,v
2017-09-21 17:12,1.237,0.066,0,0,0,0,v
2017-09-21 17:18,1.339,0.072,0,0,0,0,v
2017-09-21 17:24,1.184,0.049,0,0,0,0,v
2017-09-21 17:30,1.257,0.092,0,0,0,0,v
2017-09-21 17:36,1.142,0.052,0,0,0,0,v
2017-09-21 17:42,1.171,0.066,0,0,0,0,v
2017-09-21 17:48,1.102,0.052,0,0,0,0,v
2017-09-21 17:54,1.132,0.066,0,0,0,0,v
2017-09-21 18:00,1.201,0.082,0,0,0,0,v
2017-09-21 18:06,1.083,0.056,0,0,0,0,v
2017-09-21 18:12,1.083,0.039,0,0,0,0,v
2017-09-21 18:18,1.001,0.128,0,0,0,0,v
2017-09-21 18:24,0.968,0.131,0,0,0,0,v
2017-09-21 18:30,0.971,0.085,0,0,0,0,v
2017-09-21 18:36,1.004,0.128,0,0,0,0,v
2017-09-21 18:42,0.909,0.056,0,0,0,0,v
2017-09-21 18:48,0.981,0.082,0,0,0,0,v
2017-09-21 18:54,0.951,0.092,0,0,0,0,v
2017-09-21 19:00,0.840,0.112,0,0,0,0,v
2017-09-21 19:06,1.014,0.082,0,0,0,0,v
2017-09-21 19:12,0.945,0.036,0,0,0,0,v
2017-09-21 19:18,0.919,0.072,0,0,0,0,v
2017-09-21 19:24,0.938,0.046,0,0,0,0,v
2017-09-21 19:30,0.978,0.046,0,0,0,0,v
2017-09-21 19:36,0.850,0.062,0,0,0,0,v
2017-09-21 19:42,0.761,0.128,0,0,0,0,v
2017-09-21 19:48,0.843,0.112,0,0,0,0,v
2017-09-21 19:54,0.902,0.052,0,0,0,0,v
2017-09-21 20:00,0.879,0.046,0,0,0,0,v
2017-09-21 20:06,0.938,0.095,0,0,0,0,v
2017-09-21 20:12,0.925,0.075,0,0,0,0,v
2017-09-21 20:18,0.955,0.056,0,0,0,0,v
2017-09-21 20:24,0.925,0.052,0,0,0,0,v
2017-09-21 20:30,1.033,0.079,0,0,0,0,v
2017-09-21 20:36,1.004,0.043,0,0,0,0,v
2017-09-21 20:42,1.122,0.079,0,0,0,0,v
2017-09-21 20:48,1.017,0.036,0,0,0,0,v
2017-09-21 20:54,1.076,0.056,0,0,0,0,v
2017-09-21 21:00,1.063,0.066,0,0,0,0,v
2017-09-21 21:06,1.158,0.066,0,0,0,0,v
2017-09-21 21:12,1.115,0.039,0,0,0,0,v
2017-09-21 21:18,1.188,0.075,0,0,0,0,v
2017-09-21 21:24,1.253,0.046,0,0,0,0,v
2017-09-21 21:30,1.109,0.112,0,0,0,0,v
2017-09-21 21:36,1.211,0.115,0,0,0,0,v
2017-09-21 21:42,1.214,0.046,0,0,0,0,v
2017-09-21 21:48,1.266,0.072,0,0,0,0,v
2017-09-21 21:54,1.280,0.089,0,0,0,0,v
2017-09-21 22:00,1.289,0.046,0,0,0,0,v
2017-09-21 22:06,1.230,0.046,0,0,0,0,v
2017-09-21 22:12,1.352,0.062,0,0,0,0,v
2017-09-21 22:18,1.411,0.075,0,0,0,0,v
2017-09-21 22:24,1.460,0.102,0,0,0,0,v
2017-09-21 22:30,1.447,0.046,0,0,0,0,v
2017-09-21 22:36,1.434,0.079,0,0,0,0,v
2017-09-21 22:42,1.391,0.049,0,0,0,0,v
2017-09-21 22:48,1.381,0.049,0,0,0,0,v
2017-09-21 22:54,1.585,0.069,0,0,0,0,v
2017-09-21 23:00,1.490,0.043,0,0,0,0,v
2017-09-21 23:06,1.568,0.033,0,0,0,0,v
2017-09-21 23:12,1.562,0.039,0,0,0,0,v
2017-09-21 23:18,1.463,0.062,0,0,0,0,v
2017-09-21 23:24,1.604,0.075,0,0,0,0,v
2017-09-21 23:30,1.654,0.062,0,0,0,0,v
2017-09-21 23:36,1.608,0.046,0,0,0,0,v
2017-09-21 23:42,1.716,0.033,0,0,0,0,v
2017-09-21 23:48,1.703,0.023,0,0,0,0,v
2017-09-21 23:54,1.726,0.052,0,0,0,0,v
2017-09-22 00:00,1.749,0.043,0,0,0,0,v
2017-09-22 00:06,1.768,0.039,0,0,0,0,v
2017-09-22 00:12,1.795,0.046,0,0,0,0,v
2017-09-22 00:18,1.765,0.062,0,0,0,0,v
2017-09-22 00:24,1.801,0.039,0,0,0,0,v
2017-09-22 00:30,1.811,0.062,0,0,0,0,v
2017-09-22 00:36,1.883,0.026,0,0,0,0,v
2017-09-22 00:42,1.939,0.039,0,0,0,0,v
2017-09-22 00:48,1.903,0.039,0,0,0,0,v
2017-09-22 00:54,1.969,0.075,0,0,0,0,v
2017-09-22 01:00,1.880,0.039,0,0,0,0,v
2017-09-22 01:06,1.978,0.033,0,0,0,0,v
2017-09-22 01:12,1.985,0.030,0,0,0,0,v
2017-09-22 01:18,1.939,0.043,0,0,0,0,v
2017-09-22 01:24,1.877,0.030,0,0,0,0,v
2017-09-22 01:30,2.018,0.033,0,0,0,0,v
2017-09-22 01:36,1.932,0.039,0,0,0,0,v
2017-09-22 01:42,2.021,0.049,0,0,0,0,v
2017-09-22 01:48,1.929,0.049,0,0,0,0,v
2017-09-22 01:54,1.923,0.030,0,0,0,0,v
2017-09-22 02:00,1.864,0.043,0,0,0,0,v
2017-09-22 02:06,1.949,0.049,0,0,0,0,v
2017-09-22 02:12,1.877,0.046,0,0,0,0,v
2017-09-22 02:18,1.821,0.036,0,0,0,0,v
2017-09-22 02:24,1.867,0.020,0,0,0,0,v
2017-09-22 02:30,1.867,0.033,0,0,0,0,v
2017-09-22 02:36,1.847,0.069,0,0,0,0,v
2017-09-22 02:42,1.824,0.046,0,0,0,0,v
2017-09-22 02:48,1.765,0.030,0,0,0,0,v
2017-09-22 02:54,1.768,0.043,0,0,0,0,v
2017-09-22 03:00,1.755,0.059,0,0,0,0,v
2017-09-22 03:06,1.693,0.052,0,0,0,0,v
2017-09-22 03:12,1.693,0.043,0,0,0,0,v
2017-09-22 03:18,1.677,0.039,0,0,0,0,v
2017-09-22 03:24,1.640,0.059,0,0,0,0,v
2017-09-22 03:30,1.506,0.033,0,0,0,0,v
2017-09-22 03:36,1.568,0.066,0,0,0,0,v
2017-09-22 03:42,1.552,0.043,0,0,0,0,v
2017-09-22 03:48,1.522,0.059,0,0,0,0,v
2017-09-22 03:54,1.529,0.059,0,0,0,0,v
2017-09-22 04:00,1.499,0.046,0,0,0,0,v
2017-09-22 04:06,1.430,0.039,0,0,0,0,v
2017-09-22 04:12,1.302,0.020,0,0,0,0,v
2017-09-22 04:18,1.381,0.036,0,0,0,0,v
2017-09-22 04:24,1.263,0.079,0,0,0,0,v
2017-09-22 04:30,1.240,0.043,0,0,0,0,v
2017-09-22 04:36,1.204,0.052,0,0,0,0,v
2017-09-22 04:42,1.148,0.039,0,0,0,0,v
2017-09-22 04:48,1.109,0.043,0,0,0,0,v
2017-09-22 04:54,1.191,0.043,0,0,0,0,v
2017-09-22 05:00,0.984,0.072,0,0,0,0,v
2017-09-22 05:06,1.089,0.052,0,0,0,0,v
2017-09-22 05:12,1.001,0.043,0,0,0,0,v
2017-09-22 05:18,0.971,0.039,0,0,0,0,v
2017-09-22 05:24,0.919,0.039,0,0,0,0,v
2017-09-22 05:30,0.837,0.039,0,0,0,0,v
2017-09-22 05:36,0.771,0.043,0,0,0,0,v
2017-09-22 05:42,0.843,0.039,0,0,0,0,v
2017-09-22 05:48,0.801,0.075,0,0,0,0,v
2017-09-22 05:54,0.715,0.026,0,0,0,0,v
2017-09-22 06:00,0.623,0.030,0,0,0,0,v
2017-09-22 06:06,0.594,0.033,0,0,0,0,v
2017-09-22 06:12,0.630,0.049,0,0,0,0,v
2017-09-22 06:18,0.515,0.066,0,0,0,0,v
2017-09-22 06:24,0.564,0.023,0,0,0,0,v
2017-09-22 06:30,0.436,0.069,0,0,0,0,v
2017-09-22 06:36,0.453,0.036,0,0,0,0,v
2017-09-22 06:42,0.407,0.033,0,0,0,0,v
2017-09-22 06:48,0.387,0.036,0,0,0,0,v
2017-09-22 06:54,0.407,0.039,0,0,0,0,v
2017-09-22 07:00,0.354,0.016,0,0,0,0,v
2017-09-22 07:06,0.341,0.046,0,0,0,0,v
2017-09-22 07:12,0.335,0.033,0,0,0,0,v
2017-09-22 07:18,0.285,0.066,0,0,0,0,v
2017-09-22 07:24,0.279,0.043,0,0,0,0,v
2017-09-22 07:30,0.223,0.036,0,0,0,0,v
2017-09-22 07:36,0.157,0.075,0,0,0,0,v
2017-09-22 07:42,0.194,0.030,0,0,0,0,v
2017-09-22 07:48,0.207,0.043,0,0,0,0,v
2017-09-22 07:54,0.226,0.046,0,0,0,0,v
2017-09-22 08:00,0.167,0.039,0,0,0,0,v
2017-09-22 08:06,0.115,0.033,0,0,0,0,v
2017-09-22 08:12,0.190,0.079,0,0,0,0,v
2017-09-22 08:18,0.220,0.046,0,0,0,0,v
2017-09-22 08:24,0.207,0.026,0,0,0,0,v
2017-09-22 08:30,0.292,0.033,0,0,0,0,v
2017-09-22 08:36,0.289,0.033,0,0,0,0,v
2017-09-22 08:42,0.167,0.043,0,0,0,0,v
2017-09-22 08:48,0.358,0.033,0,0,0,0,v
2017-09-22 08:54,0.292,0.049,0,0,0,0,v
2017-09-22 09:00,0.367,0.030,0,0,0,0,v
2017-09-22 09:06,0.322,0.082,0,0,0,0,v
2017-09-22 09:12,0.331,0.046,0,0,0,0,v
2017-09-22 09:18,0.371,0.069,0,0,0,0,v
2017-09-22 09:24,0.410,0.052,0,0,0,0,v
2017-09-22 09:30,0.463,0.066,0,0,0,0,v
2017-09-22 09:36,0.479,0.036,0,0,0,0,v
2017-09-22 09:42,0.466,0.092,0,0,0,0,v
2017-09-22 09:48,0.518,0.036,0,0,0,0,v
2017-09-22 09:54,0.535,0.043,0,0,0,0,v
2017-09-22 10:00,0.614,0.043,0,0,0,0,v
2017-09-22 10:06,0.574,0.066,0,0,0,0,v
2017-09-22 10:12,0.653,0.030,0,0,0,0,v
2017-09-22 10:18,0.699,0.079,0,0,0,0,v
2017-09-22 10:24,0.689,0.052,0,0,0,0,v
2017-09-22 10:30,0.840,0.033,0,0,0,0,v
2017-09-22 10:36,0.814,0.059,0,0,0,0,v
2017-09-22 10:42,0.892,0.056,0,0,0,0,v
2017-09-22 10:48,0.889,0.046,0,0,0,0,v
2017-09-22 10:54,0.889,0.046,0,0,0,0,v
2017-09-22 11:00,1.033,0.033,0,0,0,0,v
2017-09-22 11:06,0.968,0.043,0,0,0,0,v
2017-09-22 11:12,1.102,0.056,0,0,0,0,v
2017-09-22 11:18,0.988,0.052,0,0,0,0,v
2017-09-22 11:24,1.198,0.049,0,0,0,0,v
2017-09-22 11:30,1.099,0.066,0,0,0,0,v
2017-09-22 11:36,1.194,0.059,0,0,0,0,v
2017-09-22 11:42,1.224,0.049,0,0,0,0,v
2017-09-22 11:48,1.306,0.026,0,0,0,0,v
2017-09-22 11:54,1.293,0.039,0,0,0,0,v
2017-09-22 12:00,1.335,0.056,0,0,0,0,v
2017-09-22 12:06,1.286,0.052,0,0,0,0,v
2017-09-22 12:12,1.417,0.043,0,0,0,0,v
2017-09-22 12:18,1.424,0.049,0,0,0,0,v
2017-09-22 12:24,1.444,0.066,0,0,0,0,v
2017-09-22 12:30,1.444,0.066,0,0,0,0,v
2017-09-22 12:36,1.362,0.049,0,0,0,0,v
2017-09-22 12:42,1.526,0.036,0,0,0,0,v
2017-09-22 12:48,1.542,0.046,0,0,0,0,v
2017-09-22 12:54,1.572,0.059,0,0,0,0,v
2017-09-22 13:00,1.552,0.036,0,0,0,0,v
2017-09-22 13:06,1.575,0.052,0,0,0,0,v
2017-09-22 13:12,1.572,0.036,0,0,0,0,v
2017-09-22 13:18,1.601,0.052,0,0,0,0,v
2017-09-22 13:24,1.555,0.062,0,0,0,0,v
2017-09-22 13:30,1.565,0.062,0,0,0,0,v
2017-09-22 13:36,1.614,0.072,0,0,0,0,v
2017-09-22 13:42,1.621,0.072,0,0,0,0,v
2017-09-22 13:48,1.627,0.043,0,0,0,0,v
2017-09-22 13:54,1.594,0.036,0,0,0,0,v
2017-09-22 14:00,1.608,0.052,0,0,0,0,v
2017-09-22 14:06,1.572,0.046,0,0,0,0,v
2017-09-22 14:12,1.598,0.056,0,0,0,0,v
2017-09-22 14:18,1.532,0.039,0,0,0,0,v
2017-09-22 14:24,1.565,0.043,0,0,0,0,v
2017-09-22 14:30,1.503,0.095,0,0,0,0,v
2017-09-22 14:36,1.578,0.039,0,0,0,0,v
2017-09-22 14:42,1.542,0.039,0,0,0,0,v
2017-09-22 14:48,1.516,0.069,0,0,0,0,v
2017-09-22 14:54,1.549,0.056,0,0,0,0,v
2017-09-22 15:00,1.467,0.046,0,0,0,0,v
2017-09-22 15:06,1.473,0.056,0,0,0,0,v
2017-09-22 15:12,1.424,0.049,0,0,0,0,v
2017-09-22 15:18,1.453,0.049,0,0,0,0,v
2017-09-22 15:24,1.417,0.056,0,0,0,0,v
2017-09-22 15:30,1.339,0.052,0,0,0,0,v
2017-09-22 15:36,1.398,0.049,0,0,0,0,v
2017-09-22 15:42,1.365,0.049,0,0,0,0,v
2017-09-22 15:48,1.329,0.043,0,0,0,0,v
2017-09-22 15:54,1.234,0.062,0,0,0,0,v
2017-09-22 16:00,1.188,0.030,0,0,0,0,v
2017-09-22 16:06,1.270,0.033,0,0,0,0,v
2017-09-22 16:12,1.125,0.092,0,0,0,0,v
2017-09-22 16:18,1.152,0.046,0,0,0,0,v
2017-09-22 16:24,1.040,0.030,0,0,0,0,v
2017-09-22 16:30,1.109,0.030,0,0,0,0,v
2017-09-22 16:36,0.988,0.046,0,0,0,0,v
2017-09-22 16:42,0.988,0.079,0,0,0,0,v
2017-09-22 16:48,0.965,0.066,0,0,0,0,v
2017-09-22 16:54,0.906,0.049,0,0,0,0,v
2017-09-22 17:00,0.873,0.030,0,0,0,0,v
2017-09-22 17:06,0.899,0.046,0,0,0,0,v
2017-09-22 17:12,0.863,0.049,0,0,0,0,v
2017-09-22 17:18,0.863,0.033,0,0,0,0,v
2017-09-22 17:24,0.725,0.016,0,0,0,0,v
2017-09-22 17:30,0.732,0.023,0,0,0,0,v
2017-09-22 17:36,0.673,0.052,0,0,0,0,v
2017-09-22 17:42,0.650,0.036,0,0,0,0,v
2017-09-22 17:48,0.627,0.013,0,0,0,0,v
2017-09-22 17:54,0.633,0.033,0,0,0,0,v
2017-09-22 18:00,0.541,0.039,0,0,0,0,v
2017-09-22 18:06,0.525,0.030,0,0,0,0,v
2017-09-22 18:12,0.492,0.046,0,0,0,0,v
2017-09-22 18:18,0.456,0.056,0,0,0,0,v
2017-09-22 18:24,0.443,0.026,0,0,0,0,v
2017-09-22 18:30,0.443,0.026,0,0,0,0,v
2017-09-22 18:36,0.358,0.016,0,0,0,0,v
2017-09-22 18:42,0.351,0.036,0,0,0,0,v
2017-09-22 18:48,0.315,0.023,0,0,0,0,v
2017-09-22 18:54,0.282,0.039,0,0,0,0,v
2017-09-22 19:00,0.276,0.023,0,0,0,0,v
2017-09-22 19:06,0.200,0.052,0,0,0,0,v
2017-09-22 19:12,0.246,0.033,0,0,0,0,v
2017-09-22 19:18,0.167,0.033,0,0,0,0,v
2017-09-22 19:24,0.161,0.046,0,0,0,0,v
2017-09-22 19:30,0.131,0.036,0,0,0,0,v
2017-09-22 19:36,0.131,0.013,0,0,0,0,v
2017-09-22 19:42,0.108,0.046,0,0,0,0,v
2017-09-22 19:48,0.105,0.026,0,0,0,0,v
2017-09-22 19:54,0.141,0.023,0,0,0,0,v
2017-09-22 20:00,0.039,0.033,0,0,0,0,v
2017-09-22 20:06,0.085,0.026,0,0,0,0,v
2017-09-22 20:12,0.000,0.016,0,0,0,0,v
2017-09-22 20:18,0.108,0.043,0,0,0,0,v
2017-09-22 20:24,0.020,0.023,0,0,0,0,v
2017-09-22 20:30,0.043,0.046,0,0,0,0,v
2017-09-22 20:36,0.030,0.030,0,0,0,0,v
2017-09-22 20:42,0.049,0.046,0,0,0,0,v
2017-09-22 20:48,0.079,0.026,0,0,0,0,v
2017-09-22 20:54,0.066,0.043,0,0,0,0,v
2017-09-22 21:00,0.000,0.036,0,0,0,0,v
2017-09-22 21:06,0.092,0.016,0,0,0,0,v
2017-09-22 21:12,0.016,0.043,0,0,0,0,v
2017-09-22 21:18,0.069,0.026,0,0,0,0,v
2017-09-22 21:24,0.030,0.023,0,0,0,0,v
2017-09-22 21:30,0.075,0.039,0,0,0,0,v
2017-09-22 21:36,0.141,0.039,0,0,0,0,v
2017-09-22 21:42,0.033,0.039,0,0,0,0,v
2017-09-22 21:48,0.148,0.026,0,0,0,0,v
2017-09-22 21:54,0.059,0.030,0,0,0,0,v
2017-09-22 22:00,0.200,0.036,0,0,0,0,v
2017-09-22 22:06,0.102,0.046,0,0,0,0,v
2017-09-22 22:12,0.148,0.020,0,0,0,0,v
2017-09-22 22:18,0.262,0.039,0,0,0,0,v
2017-09-22 22:24,0.203,0.023,0,0,0,0,v
2017-09-22 22:30,0.292,0.026,0,0,0,0,v
2017-09-22 22:36,0.249,0.030,0,0,0,0,v
2017-09-22 22:42,0.308,0.023,0,0,0,0,v
2017-09-22 22:48,0.312,0.026,0,0,0,0,v
2017-09-22 22:54,0.377,0.023,0,0,0,0,v
2017-09-22 23:00,0.381,0.036,0,0,0,0,v
2017-09-22 23:06,0.469,0.026,0,0,0,0,v
2017-09-22 23:12,0.466,0.026,0,0,0,0,v
2017-09-22 23:18,0.554,0.036,0,0,0,0,v
2017-09-22 23:24,0.495,0.026,0,0,0,0,v
2017-09-22 23:30,0.568,0.020,0,0,0,0,v
2017-09-22 23:36,0.646,0.023,0,0,0,0,v
2017-09-22 23:42,0.627,0.039,0,0,0,0,v
2017-09-22 23:48,0.692,0.020,0,0,0,0,v
2017-09-22 23:54,0.830,0.020,0,0,0,0,v
